arm,density,horizon,n,converged,success,rel_l2_median,rel_l2_min,loss_median,periods_survived_median,tau_median,adam_epochs_median,lbfgs_restarts_median,hours_median,n_points,parked,flow-following,diffuse,periods
pseudo_unw,20.0,14.0,10,10,10,0.0001310124197078704,4.168493021815779e-05,3.4347420866975595e-07,2.1010651794302406,0.5844119087186939,60000.0,9.5,0.14231944444444444,280,0,0,0,2.1010651794302406
pseudo_unw,20.0,27.0,10,10,8,0.0005178958049564799,8.501893833134389e-05,6.082284067427614e-07,4.052054274615464,0.7199380459283654,60000.0,19.5,0.22408333333333333,540,2,0,0,4.052054274615464
pseudo_unw,20.0,40.0,10,9,7,0.005406879427278122,0.00042443369639911485,2.757255811701077e-06,6.003043369800688,0.6772683473062597,61625.0,41.0,0.33697222222222223,800,2,0,1,6.003043369800688
pseudo_unw,20.0,67.0,10,9,1,0.5569589447563097,0.04971068010923989,0.012877642643856584,5.831206253340143,0.7406357882770402,61375.0,7.5,0.4296527777777778,1340,4,0,5,10.055097644416152
pseudo_unw,20.0,100.0,10,10,0,0.7801761590480645,0.6606497553788476,0.00860884042046562,4.394978127115328,0.9291101944249184,60000.0,6.5,0.6703749999999999,2000,10,0,0,15.007608424501719
pseudo_unw,80.0,14.0,10,10,10,0.00011434666248625634,2.774918565149021e-05,2.707138478469083e-07,2.1010651794302406,0.6942399043776013,60125.0,9.5,0.3408333333333334,1120,0,0,0,2.1010651794302406
pseudo_unw,80.0,27.0,10,10,9,0.00037620254993141124,0.000103335399754784,6.034451408176136e-07,4.052054274615464,0.7235031076644243,60375.0,22.0,1.0449583333333332,2160,1,0,0,4.052054274615464
pseudo_unw,80.0,40.0,9,8,4,0.6910772775244066,0.0026466406623955247,0.0004397716072114738,2.624830713445351,0.7830681840346181,60250.0,11.0,1.75675,3200,4,0,1,6.003043369800688
pseudo_unw,320.0,14.0,2,2,2,6.23752569493804e-05,4.6551544553745875e-05,2.8585522352184353e-07,2.1010651794302406,0.9269218830374544,63750.0,9.5,1.2100694444444442,4480,0,0,0,2.1010651794302406
pseudo_unw,320.0,27.0,3,3,3,0.0004317434064515235,0.0002225359195569277,4.678148616054121e-07,4.052054274615464,0.7830490578548587,60000.0,23.0,1.9892222222222222,8640,0,0,0,4.052054274615464
base_unw,20.0,14.0,10,10,5,0.3567188129991278,5.1550375484238557e-05,4.066959036734324e-07,1.578050025836356,,60125.0,7.5,0.05329166666666667,280,5,0,0,2.1010651794302406
base_unw,20.0,27.0,10,10,0,0.9496691950291751,0.8416321014696337,3.238540379798647e-05,0.3474261350272148,,62000.0,5.0,0.10852777777777778,540,9,0,1,4.052054274615464
base_unw,20.0,40.0,10,10,0,0.9350600126134806,0.8515365756360629,0.010519007782510977,0.36618564555784194,,60625.0,5.0,0.17047222222222222,800,10,0,0,6.003043369800688
base_unw,20.0,67.0,10,10,0,0.9619393597137432,0.9586533580244377,0.012565955085036093,0.36243374345171653,,60125.0,3.0,0.3416666666666667,1340,10,0,0,10.055097644416152
base_unw,20.0,100.0,10,10,0,0.9782858919774988,0.974404122315824,0.004227545898076411,0.36243374345171653,,61125.0,9.5,0.5900277777777778,2000,10,0,0,15.007608424501719
base_unw,80.0,14.0,10,10,10,6.738812754629854e-05,4.10211708091379e-05,4.042019041664009e-07,2.1010651794302406,,60250.0,7.0,0.2983194444444444,1120,0,0,0,2.1010651794302406
base_unw,80.0,27.0,10,10,0,0.9009952376577686,0.9009299157049999,0.031350998515604536,0.3639345042941667,,60125.0,3.0,0.6905833333333333,2160,10,0,0,4.052054274615464
base_unw,80.0,40.0,10,10,0,0.9343554907196565,0.9342879418526541,0.02116258093273365,0.3646848847153918,,60500.0,3.0,1.5833194444444447,3200,10,0,0,6.003043369800688
base_unw,320.0,14.0,1,1,1,0.00020622925460381144,0.00020622925460381144,6.681480505809378e-07,2.1010651794302406,,60000.0,7.0,2.0238333333333336,4480,0,0,0,2.1010651794302406
base_unw,320.0,27.0,10,10,0,0.900994468929894,0.9009364798450479,0.03135089331379566,0.3646848847153918,,60000.0,3.0,1.7139444444444445,8640,10,0,0,4.052054274615464
reg_resample_unw,20.0,14.0,10,10,10,0.00011521807196920023,6.081480949020405e-05,4.142973088757907e-07,2.1010651794302406,,60500.0,6.0,0.15190277777777778,280,0,0,0,2.1010651794302406
reg_resample_unw,20.0,27.0,10,8,0,1.7151013733957505,1.2238140617447364,3.553184121037153e-05,0.0022511412636752577,,73125.0,21.5,0.35934722222222226,540,0,6,4,4.052054274615464
reg_resample_unw,20.0,40.0,10,9,0,2.608829335330094,2.036662401844963,0.02539780672831517,0.036768640640029215,,63250.0,14.0,0.27879166666666666,800,0,5,5,6.003043369800688
reg_resample_unw,20.0,67.0,10,10,0,2.6829015145514026,0.9614488664790504,0.03961663113427563,0.06903499875270791,,60500.0,3.0,0.35324999999999995,1340,1,3,6,10.055097644416152
reg_resample_unw,20.0,100.0,10,9,0,3.1645392663305314,3.1268369717068984,0.030672183976593867,0.07053575959515808,,60250.0,3.0,0.5978472222222222,2000,0,2,8,15.007608424501719
reg_resample_unw,80.0,14.0,10,10,10,9.950858393473723e-05,3.370116254382816e-05,2.7868273842368915e-07,2.1010651794302406,,60250.0,7.0,0.30799999999999994,1120,0,0,0,2.1010651794302406
reg_resample_unw,80.0,27.0,9,7,2,1.389703117010479,0.00029236156578843367,0.04868273212994703,0.0750380421225086,,97750.0,7.0,1.3433611111111112,2160,0,0,7,4.052054274615464
reg_resample_unw,80.0,40.0,10,10,0,2.0499095872557,2.0095142709209886,0.05260018159278996,0.07203652043760825,,66750.0,3.0,1.3941805555555558,3200,0,0,10,6.003043369800688
reg_resample_unw,320.0,27.0,3,3,0,1.4471444076219646,1.4093078680194262,0.0515885252024515,0.07353728128005842,,63000.0,6.0,1.7914722222222224,8640,0,0,3,4.052054274615464
