tag,arm,horizon,seed,rel_l2,rho_mse,success_015,frac_near_origin,max_modulus,adam_epochs,adam_exit,adam_cap,plateau_tol,level,front_arrived,lbfgs_restarts,lbfgs_exit,lbfgs_cap,converged,loss_total,loss_ic,loss_res,loss_reg,final_grad_norm,extensions,adam_seconds,lbfgs_seconds,tau_final,failure_class,residual_small_fraction,residual_peak,t_rho_above_1e-2,t_relL2_above_0.15
base_unw_T14_s0,base_unw,14.0,0,8.019124844871502e-05,2.9781972592614705e-09,True,0.0,2.8299513664853966,62000,plateau,200000,0.0001,0,False,8,stalled,60,True,2.1977690413657794e-07,1.5347358676859872e-13,2.1977675066299118e-07,,4.385920520129336e-06,1,126.5,30.4,,success,1.0,0.008533115757258104,,
base_unw_T14_s1,base_unw,14.0,1,0.7132491554729868,0.25492522407333884,False,0.5096359743040685,2.8299531841732444,60000,plateau,200000,0.0001,0,False,13,stalled,60,True,5.271145324349696e-07,5.56678043074588e-13,5.271139757569265e-07,,2.3816186944761287e-05,1,352.9,70.7,,parked,0.9914346895074947,78.20567280822924,6.8500000000000005,7.03
base_unw_T14_s2,base_unw,14.0,2,5.1550375484238557e-05,1.3302920365892789e-09,True,0.0,2.829989217458232,60000,plateau,200000,0.0001,0,False,7,stalled,60,True,3.6543481425512336e-07,3.399862440981953e-13,3.6543447426887927e-07,,1.5001024461949997e-05,1,179.9,20.4,,success,1.0,0.003788601766122491,,
base_unw_T14_s3,base_unw,14.0,3,0.850620406744268,0.3609833236992694,False,0.721627408993576,2.8291894126995785,64750,plateau,200000,0.0001,0,False,4,stalled,60,True,3.453489317256562e-07,1.9771672870929873e-12,3.453469545583691e-07,,3.880017361736856e-05,1,219.6,10.9,,parked,0.9907209136331192,104.81785514604024,3.88,4.0
base_unw_T14_s4,base_unw,14.0,4,0.00017306455107681415,1.384034121801556e-08,True,0.0,2.8300022125030133,60000,plateau,200000,0.0001,0,False,9,stalled,60,True,5.22732812010926e-07,1.5475480331500402e-13,5.227326572561227e-07,,1.7352474124214474e-05,1,25.3,22.2,,success,1.0,0.011112080701589403,,
base_unw_T14_s5,base_unw,14.0,5,0.00018847052526868287,1.6356403494654874e-08,True,0.0,2.8299559245032953,60250,plateau,200000,0.0001,0,False,8,stalled,60,True,5.614681682356218e-07,3.230975010600343e-14,5.614681359258717e-07,,1.0340930194685949e-05,1,112.1,22.6,,success,1.0,0.006755317165297823,,
base_unw_T14_s6,base_unw,14.0,6,0.840067286882311,0.35008729580485437,False,0.6995003568879372,2.8291118812015204,60000,plateau,200000,0.0001,0,False,4,stalled,60,True,1.7506313751873825e-07,3.6339580370035495e-13,1.7506277412293456e-07,,7.717022228001679e-06,1,173.2,10.2,,parked,0.987152034261242,63.03988687351475,4.18,4.32
base_unw_T14_s7,base_unw,14.0,7,0.000178758270431559,1.4400204397723656e-08,True,0.0,2.8299175228020563,61250,plateau,200000,0.0001,0,False,7,stalled,60,True,2.50676749400496e-07,3.3754577308051274e-13,2.506764118547229e-07,,1.2186212007343347e-05,1,142.4,19.7,,success,1.0,0.008512350590713607,,
base_unw_T14_s8,base_unw,14.0,8,0.9449889113313449,0.4291142774825401,False,0.8579586009992862,1.9999954306257057,60250,plateau,200000,0.0001,0,False,19,stalled,60,True,1.3858893331920854e-06,1.2121167781343518e-11,1.385877212024304e-06,,0.0002741603140284102,1,195.8,56.1,,parked,0.9857244825124911,63.540717670380175,1.96,2.02
base_unw_T14_s9,base_unw,14.0,9,0.7651552790447791,0.28693079864206456,False,0.5731620271234832,2.829108041551905,60000,plateau,200000,0.0001,0,False,6,stalled,60,True,4.479569930917415e-07,8.012868256812393e-13,4.479561918049158e-07,,1.9311431557936822e-05,1,194.0,15.1,,parked,0.9771591720199857,70.70452820466728,5.94,6.04
base_unw_T27_s0,base_unw,27.0,0,0.9778782925582016,0.47210382419675967,False,0.9433543132173269,2.000021687529832,64000,plateau,200000,0.0001,0,False,5,stalled,60,True,8.450122113761792e-06,2.363601744999241e-10,8.449885753587292e-06,,0.0006250913391381526,1,378.0,19.4,,parked,0.9925953350610884,68.55539035799418,1.51,1.56
base_unw_T27_s1,base_unw,27.0,1,2.1579800824992175,2.577483494047899,False,0.0,4.124239158326422,63500,plateau,200000,0.0001,0,False,3,stalled,60,True,0.07924843030786194,0.0006215330181270369,0.0786268972897349,,0.005884875265902842,1,371.1,12.9,,diffuse,0.0,1.0708800416690187,0.17,0.47000000000000003
base_unw_T27_s2,base_unw,27.0,2,0.9032152721950332,0.4038571566828062,False,0.728619029988893,1.9977962963159008,60000,plateau,200000,0.0001,0,False,3,stalled,60,True,0.03139719141716475,2.4321200012944774e-06,0.031394759297163455,,0.0023314909813338847,1,387.4,10.5,,parked,0.6641984450203628,0.7967752097801675,1.42,2.4
base_unw_T27_s3,base_unw,27.0,3,0.931552561289575,0.4337176513823981,False,0.8670862643465383,2.8298220897557456,60500,plateau,200000,0.0001,0,False,5,stalled,60,True,3.6785876839526615e-06,7.657132885468452e-10,3.6778219706641145e-06,,0.0001663434961570609,1,163.5,21.4,,parked,0.9940762680488708,103.78354371973045,3.5700000000000003,3.67
base_unw_T27_s4,base_unw,27.0,4,0.9999456652490194,0.49994931479706767,False,0.9992595335061089,2.000005050740371,60000,plateau,200000,0.0001,0,False,15,stalled,60,True,3.0571981551449052e-06,4.7551484245719814e-11,3.0571506036606596e-06,,0.007492893586015214,1,324.8,58.4,,parked,0.9959274342835986,162.42928807010372,0.01,0.01
base_unw_T27_s5,base_unw,27.0,5,0.9677858287687753,0.4592444608090424,False,0.917067752684191,2.260438315778943,66000,plateau,200000,0.0001,0,False,13,stalled,60,True,5.444568972871856e-06,1.2580484997515656e-11,5.444556392386858e-06,,0.0015814645077261763,1,440.1,46.1,,parked,0.9914846353202518,61.726663354076614,2.19,2.24
base_unw_T27_s6,base_unw,27.0,6,0.8416321014696337,0.34844517973195793,False,0.6975194372454646,2.831802057378143,66000,plateau,200000,0.0001,0,False,21,stalled,60,True,5.632068548221116e-05,3.427696847462907e-08,5.628640851373653e-05,,0.12013111577813995,1,427.2,93.7,,parked,0.9922251018141429,121.38030485683076,8.13,8.46
base_unw_T27_s7,base_unw,27.0,7,0.9885282880660473,0.48773235827660666,False,0.975564605701592,1.999999426732557,60250,plateau,200000,0.0001,0,False,13,stalled,60,True,2.0934493957526157e-06,1.1824116968340807e-11,2.0934375716356476e-06,,0.0010563853218187658,1,279.5,51.8,,parked,0.9940762680488708,95.13255794412734,0.64,0.67
base_unw_T27_s8,base_unw,27.0,8,0.906260782400337,0.40659249388821384,False,0.7319511292114032,1.9978548235808296,63500,plateau,200000,0.0001,0,False,4,stalled,60,True,0.031316591776524016,2.3205577472507993e-06,0.031314271218776765,,0.0034744240936854225,1,397.1,15.7,,parked,0.6564235468345058,0.7659414331649361,1.4000000000000001,2.39
base_unw_T27_s9,base_unw,27.0,9,0.903054555157537,0.40367180195733876,False,0.7282487967419474,2.0140448649196165,60000,plateau,200000,0.0001,0,False,3,stalled,60,True,0.031243474590917242,2.4085840999097038e-06,0.031241066006817333,,0.0006984322491597213,1,282.1,9.6,,parked,0.6630877452795261,0.8978230773248308,1.43,2.43
base_unw_T40_s0,base_unw,40.0,0,0.8683593726706791,0.3770019617489204,False,0.7538115471132217,2.8321204962328412,60500,plateau,200000,0.0001,0,False,20,stalled,60,True,5.269977485991309e-06,1.3417853768629102e-09,5.2686357006144455e-06,,0.00043852522253637604,1,525.3,94.9,,parked,0.9937515621094727,62.23003979926604,9.82,10.06
base_unw_T40_s1,base_unw,40.0,1,0.9352482223716929,0.4345962205783482,False,0.8162959260184953,1.9977826078089684,65750,plateau,200000,0.0001,0,False,3,stalled,60,True,0.021074762564473673,2.46859433606417e-06,0.021072293970137608,,0.007706299481667274,1,644.2,15.5,,parked,0.7733066733316671,0.879283581155512,1.37,2.4
base_unw_T40_s2,base_unw,40.0,2,0.9666044224335959,0.46592698737701116,False,0.9300174956260935,2.8293122226653806,60750,plateau,200000,0.0001,0,False,28,stalled,60,True,2.346381711262645e-05,2.293414081512074e-09,2.346152369854494e-05,,0.024745750240434326,1,415.1,117.4,,parked,0.9912521869532617,192.88955127302452,2.75,2.7800000000000002
base_unw_T40_s3,base_unw,40.0,3,0.9106868438891812,0.41152210688391616,False,0.6830792301924519,2.0211494871994984,60000,plateau,200000,0.0001,0,False,3,stalled,60,True,0.020966125147558728,8.093494153706538e-07,0.02096531579814336,,0.009617061086287959,1,429.5,15.0,,parked,0.7648087978005499,33.74275994576551,1.47,2.44
base_unw_T40_s4,base_unw,40.0,4,0.9770969185474854,0.4715134245187499,False,0.9420144963759061,2.430247081239255,63250,plateau,200000,0.0001,0,False,13,stalled,60,True,1.5809802953393642e-05,1.4348298803136308e-08,1.5795454654590506e-05,,0.01028058617808507,1,508.6,62.5,,parked,0.9950012496875781,127.21550377880428,2.2800000000000002,2.32
base_unw_T40_s5,base_unw,40.0,5,0.9253224726345679,0.42568322464133695,False,0.8507873031742065,3.034621891765258,63000,plateau,200000,0.0001,0,False,7,stalled,60,True,8.553398200809216e-06,5.2591236334459155e-09,8.54813907717577e-06,,0.004338908211663554,1,571.1,36.1,,parked,0.994751312171957,117.24861936943871,5.94,6.0200000000000005
base_unw_T40_s6,base_unw,40.0,6,0.9357440871976974,0.4350983988038447,False,0.8175456135966008,1.9994105811276601,60500,plateau,200000,0.0001,0,False,3,stalled,60,True,0.021022780379311427,1.116196122292958e-06,0.021021664183189133,,0.0012137969887833623,1,724.4,20.0,,parked,0.7715571107223195,0.9034757251467502,1.3900000000000001,2.41
base_unw_T40_s7,base_unw,40.0,7,0.9348738371674998,0.43424501502947704,False,0.8167958010497376,1.998443747748736,60000,plateau,200000,0.0001,0,False,3,stalled,60,True,0.021102543789004596,1.211837512507252e-06,0.021101331951492087,,0.0007987392853297504,1,558.7,16.9,,parked,0.7695576105973506,0.7759116188272352,1.4000000000000001,2.41
base_unw_T40_s8,base_unw,40.0,8,0.8515365756360629,0.3601971828000698,False,0.7175706073481629,2.8297886623721,63250,plateau,200000,0.0001,0,False,18,stalled,60,True,7.189041746322529e-05,1.0638942524800097e-09,7.188935356897281e-05,,0.0040927868929031466,1,630.6,104.6,,parked,0.9922519370157461,117.52377322061041,11.23,11.61
base_unw_T40_s9,base_unw,40.0,9,0.9352461880594614,0.4345779007300616,False,0.8157960509872532,2.0123344070150684,60500,plateau,200000,0.0001,0,False,3,stalled,60,True,0.021155282689077386,7.979501181575513e-07,0.02115448473895923,,0.0040637266746680455,1,636.8,17.8,,parked,0.7745563609097725,0.765803601714248,1.46,2.44
resample_unw_T14_s0,resample_unw,14.0,0,7.943758064504758e-05,2.9726884563859116e-09,True,0.0,2.8299377615599783,60000,plateau,200000,0.0001,0,False,7,stalled,60,True,2.2671033528963113e-07,1.5691286298676708e-13,2.2671017837676815e-07,,1.9438014905696393e-05,1,91.2,21.1,,success,1.0,0.012299808716169506,,
resample_unw_T14_s1,resample_unw,14.0,1,7.559564804029587e-05,2.843779280319555e-09,True,0.0,2.8299026200363353,60000,plateau,200000,0.0001,0,False,9,stalled,60,True,3.706049363180701e-07,1.370863342086528e-13,3.7060479923173587e-07,,7.496015758605088e-06,1,212.1,28.5,,success,1.0,0.004221831370134597,,
resample_unw_T14_s2,resample_unw,14.0,2,7.870804841129782e-05,3.100889743076053e-09,True,0.0,2.82991624585914,63000,plateau,200000,0.0001,0,False,8,stalled,60,True,4.5155323064879956e-07,1.1549610101761752e-13,4.5155311515269856e-07,,1.2830410615723908e-05,1,215.2,23.6,,success,1.0,0.005303850048680515,,
resample_unw_T14_s3,resample_unw,14.0,3,0.0003464453970864032,5.3451348114371324e-08,True,0.0,2.8299207924830196,60250,plateau,200000,0.0001,0,False,7,stalled,60,True,3.440378169070648e-07,3.1576609590325387e-12,3.4403465924610574e-07,,1.5649799532437573e-05,1,163.3,21.6,,success,1.0,0.0035325383798608624,,
resample_unw_T14_s4,resample_unw,14.0,4,8.556474494478711e-05,3.496947504185782e-09,True,0.0,2.8299653499947803,60500,plateau,200000,0.0001,0,False,7,stalled,60,True,3.4541610535748844e-07,2.5972269406852585e-13,3.454158456347944e-07,,1.5555065043583586e-05,1,134.9,22.5,,success,1.0,0.010248495707336044,,
resample_unw_T14_s5,resample_unw,14.0,5,0.00022959969873902615,2.3944731362167076e-08,True,0.0,2.8300008362603335,61500,plateau,200000,0.0001,0,False,7,stalled,60,True,3.820576369277492e-07,4.1981947912394066e-14,3.8205759494580125e-07,,1.1062561482252997e-05,1,100.2,18.0,,success,1.0,0.018605389496334404,,
resample_unw_T14_s6,resample_unw,14.0,6,0.00019708164669884768,1.739720085377276e-08,True,0.0,2.8299038834251427,60500,plateau,200000,0.0001,0,False,8,stalled,60,True,3.887935356619261e-07,1.1854343512970689e-12,3.887923502275748e-07,,2.192213157728835e-05,1,125.4,21.4,,success,1.0,0.00836873032361355,,
resample_unw_T14_s7,resample_unw,14.0,7,0.00010092579367846105,4.731627352014382e-09,True,0.0,2.82998496481267,61250,plateau,200000,0.0001,0,False,6,stalled,60,True,3.8706201719269696e-07,2.306195562550761e-13,3.870617865731407e-07,,1.8623183364072696e-05,1,162.9,17.9,,success,1.0,0.009574327719064794,,
resample_unw_T14_s8,resample_unw,14.0,8,5.359326310182209e-05,1.7174724504482283e-09,True,0.0,2.8300073778223034,60000,plateau,200000,0.0001,0,False,7,stalled,60,True,5.173824546581871e-07,1.5029565577072377e-12,5.173809517016293e-07,,1.4354892442626301e-05,1,103.3,20.9,,success,1.0,0.004895426975463502,,
resample_unw_T14_s9,resample_unw,14.0,9,4.289962747730038e-05,1.0513609169192532e-09,True,0.0,2.8299922215991713,60000,plateau,200000,0.0001,0,False,7,stalled,60,True,3.237467312156566e-07,2.597103237118198e-13,3.237464715053329e-07,,1.797627418205127e-05,1,138.8,20.2,,success,1.0,0.004856028619361481,,
resample_unw_T27_s0,resample_unw,27.0,0,0.9020850921111845,0.402950252280663,False,0.7289892632358386,2.000225030690112,62500,plateau,200000,0.0001,0,False,3,stalled,60,True,0.03117715206898651,2.3013449002182013e-06,0.03117485072408629,,0.0005595950640829014,1,333.7,9.6,,parked,0.6597556460570159,0.7871896675575539,1.41,2.42
resample_unw_T27_s1,resample_unw,27.0,1,0.9481202070877089,0.4481633867554041,False,0.8963346908552388,2.828795636311108,60500,plateau,200000,0.0001,0,False,13,stalled,60,True,2.4636088970649517e-06,8.689993036883193e-11,2.463521997134583e-06,,0.0007286058101784284,1,361.1,49.0,,parked,0.9925953350610884,97.27195699871494,2.77,2.83
resample_unw_T27_s2,resample_unw,27.0,2,0.9016920178283107,0.4024584042662178,False,0.7275083302480563,1.9979065059134997,60500,plateau,200000,0.0001,0,False,3,stalled,60,True,0.031355581779773406,2.1915838977495537e-06,0.03135339019587566,,0.0009435186426426104,1,345.1,10.1,,parked,0.6571640133283969,0.7976714856205448,1.42,2.4
resample_unw_T27_s3,resample_unw,27.0,3,0.902265764340707,0.403019883585474,False,0.7282487967419474,1.9987039655257415,60000,plateau,200000,0.0001,0,False,3,stalled,60,True,0.03119450997576081,2.2478479623901324e-06,0.03119226212779842,,0.0014176968426457533,1,311.3,9.3,,parked,0.6586449463161792,0.8889732129288432,1.42,2.41
resample_unw_T27_s4,resample_unw,27.0,4,0.9022265095081752,0.4029118604578917,False,0.7275083302480563,1.9979638046350046,60250,plateau,200000,0.0001,0,False,3,stalled,60,True,0.03131148734460686,2.0842563785620157e-06,0.0313094030882283,,0.0033497146257455124,1,314.9,10.3,,parked,0.6567937800814513,0.7464686664500096,1.42,2.42
resample_unw_T27_s5,resample_unw,27.0,5,0.9015375229617675,0.4023711635900022,False,0.7278785634950018,1.9978110151940502,60000,plateau,200000,0.0001,0,False,3,stalled,60,True,0.03138257844004206,2.3962854838760622e-06,0.031380182154558185,,0.0001777840000822971,1,330.9,10.4,,parked,0.6608663457978526,0.7629367627353637,1.4000000000000001,2.41
resample_unw_T27_s6,resample_unw,27.0,6,0.9022180430550516,0.40296743253187595,False,0.728619029988893,1.9975802611661564,61250,plateau,200000,0.0001,0,False,3,stalled,60,True,0.03125991579190108,2.9303964429189985e-06,0.03125698539545816,,0.0005727669660545259,1,288.5,10.0,,parked,0.6601258793039615,0.775031722865252,1.3900000000000001,2.4
resample_unw_T27_s7,resample_unw,27.0,7,0.9017949073629988,0.40259110700130024,False,0.728619029988893,1.9976963942362709,60250,plateau,200000,0.0001,0,False,3,stalled,60,True,0.03126542852076573,2.658887432443526e-06,0.031262769633333284,,0.0017733001807047068,1,314.7,9.4,,parked,0.6575342465753424,0.7775720666267082,1.4000000000000001,2.41
resample_unw_T27_s8,resample_unw,27.0,8,0.9015675673641613,0.4023807273012508,False,0.7278785634950018,1.9978999543740033,63750,plateau,200000,0.0001,0,False,3,stalled,60,True,0.031205520625333917,2.2059553559369477e-06,0.03120331466997798,,0.0006405513988832496,1,403.6,10.7,,parked,0.6575342465753424,0.793116517180799,1.41,2.41
resample_unw_T27_s9,resample_unw,27.0,9,0.9471036876189429,0.4474792486150179,False,0.8952239911144021,2.829259746603022,60750,plateau,200000,0.0001,0,False,33,stalled,60,True,1.643077773220463e-05,2.5180178450520928e-08,1.6405597553754108e-05,,0.0020519404514534275,1,284.3,111.2,,parked,0.9911144020733061,100.63015456567729,2.8000000000000003,2.87
resample_unw_T40_s0,resample_unw,40.0,0,0.9345933115267715,0.43402258559213774,False,0.8160459885028742,2.0135098482460405,60250,plateau,200000,0.0001,0,False,3,stalled,60,True,0.021056379903074882,9.63470367004782e-07,0.021055416432707877,,0.00025044981450575806,1,426.0,11.9,,parked,0.7680579855036241,0.8006146388446505,1.41,2.43
resample_unw_T40_s1,resample_unw,40.0,1,0.9648169834207498,0.46475565548782244,False,0.9292676830792302,2.8293361141456415,62750,plateau,200000,0.0001,0,False,30,stalled,60,True,6.142314447672609e-07,3.0475359061431e-11,6.142009694081995e-07,,6.270040423296202e-05,1,424.0,122.4,,parked,0.9967508122969257,90.90080901154312,2.81,2.86
resample_unw_T40_s2,resample_unw,40.0,2,0.9344201819008746,0.43378180138354716,False,0.8157960509872532,1.9986654311205836,60000,plateau,200000,0.0001,0,False,3,stalled,60,True,0.021173433052315237,8.925050486523536e-07,0.021172540547266586,,0.0001275237922639008,1,401.8,13.3,,parked,0.7693076730817295,0.7904925536350844,1.43,2.41
resample_unw_T40_s3,resample_unw,40.0,3,0.93462948022882,0.43401152132643,False,0.8160459885028742,2.0036235452499267,60000,plateau,200000,0.0001,0,False,3,stalled,60,True,0.021121586392593008,9.994805960754648e-07,0.021120586911996933,,0.0010781724821441897,1,465.4,15.6,,parked,0.7690577355661085,0.8034872254871759,1.42,2.42
resample_unw_T40_s4,resample_unw,40.0,4,0.9344724556251209,0.4338660323910965,False,0.8160459885028742,2.01374008611368,62500,plateau,200000,0.0001,0,False,3,stalled,60,True,0.02116218784300282,1.2341641938938694e-06,0.021160953678808925,,0.0003202962894309704,1,850.6,23.6,,parked,0.7690577355661085,0.7680285536845587,1.41,2.43
resample_unw_T40_s5,resample_unw,40.0,5,0.9347880300912932,0.4341690162741254,False,0.8162959260184953,1.9985284837461141,62750,plateau,200000,0.0001,0,False,3,stalled,60,True,0.02118476825133968,1.0827367038284828e-06,0.021183685514635852,,5.0093356106112944e-05,1,520.2,11.2,,parked,0.7723069232691827,0.7628646219635533,1.41,2.41
resample_unw_T40_s6,resample_unw,40.0,6,0.9350785807297411,0.43444555791674255,False,0.8165458635341165,1.9984161148382895,60000,plateau,200000,0.0001,0,False,3,stalled,60,True,0.02111033244898441,1.2544437264688457e-06,0.021109078005257943,,0.0010212924760937179,1,545.1,16.0,,parked,0.7670582354411397,0.7885497491893949,1.4000000000000001,2.41
resample_unw_T40_s7,resample_unw,40.0,7,0.9348692487215392,0.434244224419221,False,0.8167958010497376,1.9984882666686743,61000,plateau,200000,0.0001,0,False,3,stalled,60,True,0.021108161542872213,1.1441220063919234e-06,0.02110701742086582,,0.001227187930608778,1,576.2,15.6,,parked,0.7700574856285929,0.7809329434004182,1.41,2.41
resample_unw_T40_s8,resample_unw,40.0,8,0.9347274458279766,0.4340859170386924,False,0.8162959260184953,1.998649073943975,60000,plateau,200000,0.0001,0,False,3,stalled,60,True,0.021078752092972133,9.132461829249438e-07,0.021077838846789206,,0.00011851101625185586,1,492.6,15.4,,parked,0.7688077980504874,0.7803555695439263,1.44,2.41
resample_unw_T40_s9,resample_unw,40.0,9,0.9348197002484626,0.4342182230820909,False,0.8162959260184953,2.0191057052995856,64500,plateau,200000,0.0001,0,False,3,stalled,60,True,0.021070195190381297,1.2501402493179314e-06,0.02106894505013198,,0.003105284222712786,1,687.7,15.2,,parked,0.7675581104723819,0.8761307950727655,1.42,2.44
reg_unw_T14_s0,reg_unw,14.0,0,0.0002357753660115077,2.5176169669757975e-08,True,0.0,2.8299235536345178,60250,plateau,200000,0.0001,0,False,6,stalled,60,True,8.236526819882113e-07,6.043247762317218e-13,8.236520776634351e-07,4.0098416218250944e-28,2.1156210081138333e-05,1,188.6,14.7,,success,1.0,0.009521438478705587,,
reg_unw_T14_s1,reg_unw,14.0,1,8.384664088912734e-05,3.2015828799796018e-09,True,0.0,2.829882791661053,61250,plateau,200000,0.0001,0,False,8,stalled,60,True,2.5046264302642503e-07,1.3638048934651923e-13,2.504625066459357e-07,3.6809418022412673e-28,6.044626835930959e-06,1,205.5,21.5,,success,1.0,0.010523920200877305,,
reg_unw_T14_s2,reg_unw,14.0,2,8.448776388883342e-05,3.232151948419762e-09,True,0.0,2.8299949812889507,60000,plateau,200000,0.0001,0,False,8,stalled,60,True,2.299317810407876e-07,5.43814967227905e-14,2.2993172665929088e-07,4.253439028345694e-28,8.845359413246902e-06,1,221.0,26.2,,success,1.0,0.0021647378324761548,,
reg_unw_T14_s3,reg_unw,14.0,3,9.291637531334283e-05,4.170537637314077e-09,True,0.0,2.8300397529648533,60000,plateau,200000,0.0001,0,False,6,stalled,60,True,4.5063932679429875e-07,3.4436330359665127e-13,4.5063898243099517e-07,3.5071998074259446e-28,2.468754815421539e-05,1,240.4,19.9,,success,1.0,0.002362590511677616,,
reg_unw_T14_s4,reg_unw,14.0,4,5.665463271896873e-05,1.716779137286566e-09,True,0.0,2.8300340002610342,60000,plateau,200000,0.0001,0,False,8,stalled,60,True,3.165768513359811e-07,1.6992522545699965e-13,3.1657668141075563e-07,3.651073072232039e-28,9.060044348230393e-06,1,285.5,34.2,,success,1.0,0.004071679729197966,,
reg_unw_T14_s5,reg_unw,14.0,5,7.854346641254845e-05,3.1201795933193206e-09,True,0.0,2.8299622663254875,60000,plateau,200000,0.0001,0,False,6,stalled,60,True,4.372643212654226e-07,2.9050257720258423e-15,4.3726431836039683e-07,4.491183404896519e-28,1.1007235809342876e-05,1,233.7,22.2,,success,1.0,0.023261641716997777,,
reg_unw_T14_s6,reg_unw,14.0,6,0.00040794567555390215,7.430188090232572e-08,True,0.0,2.829949075632716,60250,plateau,200000,0.0001,0,False,5,stalled,60,True,4.820776385970369e-07,9.635321308859249e-13,4.82076675064906e-07,3.574269988886035e-28,2.166532109338821e-05,1,207.6,14.8,,success,1.0,0.004554299592496253,,
reg_unw_T14_s7,reg_unw,14.0,7,8.531196176115657e-05,3.499405773699826e-09,True,0.0,2.8299574167448864,61000,plateau,200000,0.0001,0,False,7,stalled,60,True,4.0236722097140697e-07,1.993133873274448e-12,4.023652278375337e-07,3.846170518443454e-28,1.0255831040161905e-05,1,243.6,24.0,,success,1.0,0.002100790542520567,,
reg_unw_T14_s8,reg_unw,14.0,8,6.855706034614601e-05,2.256016329525504e-09,True,0.0,2.8299596484297775,60000,plateau,200000,0.0001,0,False,7,stalled,60,True,2.7040236796209003e-07,9.676055984655794e-13,2.704014003564916e-07,3.463472573035402e-28,2.116823206188185e-05,1,217.5,20.2,,success,1.0,0.003149940708615638,,
reg_unw_T14_s9,reg_unw,14.0,9,0.0002887932775062029,3.726913077107646e-08,True,0.0,2.829992355460614,60000,plateau,200000,0.0001,0,False,8,stalled,60,True,2.718203255636469e-07,2.620023419891625e-13,2.718200635613049e-07,4.0050910086084643e-28,1.2739141472541994e-05,1,235.0,26.0,,success,1.0,0.013544729952555547,,
reg_unw_T27_s0,reg_unw,27.0,0,2.159417954752925,2.6331356227627323,False,0.0,7.136126533892089,67500,plateau,200000,0.0001,0,False,37,stalled,60,True,0.0002532824514657862,1.710942530081521e-09,0.00025328074052325615,0.0005228423145986049,0.03039624961341888,1,359.0,131.8,,flow-following,0.9500185116623473,462.072864908484,4.45,4.48
reg_unw_T27_s1,reg_unw,27.0,1,2.184731485482369,2.6411227554004726,False,0.0,5.688510833475974,62500,plateau,200000,0.0001,0,False,20,stalled,60,True,1.8388543047355684e-05,1.7637940673639163e-11,1.838852540941501e-05,0.00020914448182015252,0.006110488778127128,1,3.3,81.4,,flow-following,0.9866716031099593,645.4156903684145,0.01,0.01
reg_unw_T27_s2,reg_unw,27.0,2,2.301575235018625,2.9541985964521777,False,0.0,6.694138777942338,60000,plateau,200000,0.0001,0,False,33,stalled,60,True,1.7144776287841633e-05,6.143815098659193e-13,1.7144775673460122e-05,0.0005653568748190934,0.0044850610349381715,1,290.0,119.0,,flow-following,0.9951869677897075,178.2954041036317,0.01,0.01
reg_unw_T27_s3,reg_unw,27.0,3,2.2174424531150327,2.7148892728184166,False,0.0,6.424373643984574,60000,plateau,200000,0.0001,0,False,21,stalled,60,True,0.0001292780111760482,2.6302740054046334e-11,0.00012927798487330817,0.0004969394948670643,0.0019093525360679964,1,110.9,98.4,,flow-following,0.9785264716771566,216.92774606677312,0.02,0.02
reg_unw_T27_s4,reg_unw,27.0,4,1.3466631154132083,0.9770279076672618,False,0.0,3.175695800877229,61500,plateau,200000,0.0001,0,False,12,stalled,60,True,0.048526012110519524,0.0005734807747834664,0.04795253133573606,0.018881653042746794,0.07688600985447623,1,218.3,48.9,,diffuse,0.13920770085153647,0.9360523553776365,0.19,0.49
reg_unw_T27_s5,reg_unw,27.0,5,3.5094007719586697,6.950472112941286,False,0.0,8.719553008209887,71000,plateau,200000,0.0001,0,False,22,stalled,60,True,4.8576256784318984e-05,1.0545300949013072e-11,4.857624623901804e-05,0.0023004001667600704,0.014423609953945182,1,2.9,81.1,,flow-following,0.9959274342835986,360.5644095395092,0.01,0.01
reg_unw_T27_s6,reg_unw,27.0,6,2.3026241581855325,2.9645710353635666,False,0.0,6.616765826664681,60000,plateau,200000,0.0001,0,False,21,stalled,60,True,1.9992910709032446e-05,1.610690516057011e-10,1.999274963998084e-05,0.0005269298847885059,0.014377334096256713,1,162.2,77.3,,flow-following,0.9955572010366531,296.66960157533975,0.01,0.01
reg_unw_T27_s7,reg_unw,27.0,7,1.6783862968682846,1.501878578387341,False,0.46427249166975193,5.244523910735903,66000,plateau,200000,0.0001,0,False,20,stalled,60,True,2.5219924032839072e-05,1.8683487926900066e-11,2.5219905349351146e-05,0.4345084217644219,0.000982752422740634,1,283.9,86.0,,parked,0.9892632358385783,195.08881754475976,0.01,0.01
reg_unw_T27_s8,reg_unw,27.0,8,1.7347949524344275,1.6433050009224661,False,0.0,3.8126621988630913,64750,plateau,200000,0.0001,0,False,4,stalled,60,True,0.06225487538146281,0.0006016845674995685,0.06165319081396324,0.02258787902457044,0.059604342892925065,1,307.0,14.9,,diffuse,0.14698259903739355,111.11120493168,0.17,0.48
reg_unw_T27_s9,reg_unw,27.0,9,1.5834954351460602,1.3460217672449715,False,0.0,4.138087571980354,60000,plateau,200000,0.0001,0,False,4,stalled,60,True,0.04434175480977349,0.0005434292820614443,0.04379832552771205,0.019619427700906262,0.021381927199795397,1,158.2,13.3,,diffuse,0.5090707145501666,286.4901923999442,0.18,0.5
reg_unw_T40_s0,reg_unw,40.0,0,4.016978774343127,9.12750339323181,False,0.0,10.271914267710468,60000,plateau,200000,0.0001,0,False,36,stalled,60,True,5.0048578879024217e-05,1.341251285320767e-10,5.0048444753895685e-05,0.0028461188309064417,0.03298208516401005,1,68.5,180.8,,flow-following,0.9927518120469883,715.0265456491493,0.01,0.01
reg_unw_T40_s1,reg_unw,40.0,1,2.0569458130957368,2.337984290917169,False,0.0,4.637784743706619,62250,plateau,200000,0.0001,0,False,3,stalled,60,True,0.052620305391587165,0.0003081307119900832,0.05231217467959708,0.01857704467601611,0.01670778861997962,1,234.2,12.2,,diffuse,0.1472131967008248,1.1683678578844994,0.18,0.48
reg_unw_T40_s2,reg_unw,40.0,2,2.0394323219134582,2.3018018887351417,False,0.0,4.638438257978585,66750,plateau,200000,0.0001,0,False,3,stalled,60,True,0.052318609748509194,0.00029079955822097623,0.052027810190288216,0.01828210038995777,0.01061789161646213,1,386.2,13.1,,diffuse,0.14546363409147714,1.4138028390612534,0.17,0.47000000000000003
reg_unw_T40_s3,reg_unw,40.0,3,3.947730222923118,8.815094626339402,False,0.0,10.086768898009126,63250,plateau,200000,0.0001,0,False,22,stalled,60,True,8.465990905044537e-06,9.992834756656173e-12,8.465980912209781e-06,0.0026864119043148236,0.005932123734288864,1,408.8,108.6,,flow-following,0.9965008747813047,353.68954168502313,0.02,0.02
reg_unw_T40_s4,reg_unw,40.0,4,4.919164978896187,13.716042333395679,False,0.0,11.673295655127076,60000,plateau,200000,0.0001,0,False,22,stalled,60,True,1.4801614601295978e-05,4.3792506536435964e-12,1.4801610222045325e-05,0.0036036835322035498,0.0021339824289842908,1,426.1,118.6,,flow-following,0.9945013746563359,366.91856996781365,0.01,0.01
reg_unw_T40_s5,reg_unw,40.0,5,2.0620973467645904,2.3490001726940006,False,0.0,4.647353685081657,66500,plateau,200000,0.0001,0,False,3,stalled,60,True,0.05250482431905086,0.0003050555529289701,0.05219976876612189,0.01847377990488692,0.03174560278903753,1,413.4,12.2,,diffuse,0.13571607098225444,1.712722866776841,0.16,0.47000000000000003
reg_unw_T40_s6,reg_unw,40.0,6,3.290445958085202,6.079969516509235,False,0.0,9.17192358043853,60000,plateau,200000,0.0001,0,False,32,stalled,60,True,0.0001623581608124455,2.6021607407338917e-10,0.00016235790059637142,0.002010927160473716,0.023988555673431444,1,382.4,139.2,,flow-following,0.9750062484378905,436.08931204732227,0.01,0.01
reg_unw_T40_s7,reg_unw,40.0,7,3.91406842565981,8.663871852651909,False,0.0,10.213250787129272,60000,plateau,200000,0.0001,0,False,45,stalled,60,True,1.7949565280715934e-05,5.97320493600966e-11,1.7949505548666573e-05,0.002659493734403348,0.03811172442638268,1,296.3,205.9,,flow-following,0.9965008747813047,394.580372922292,0.01,0.01
reg_unw_T40_s8,reg_unw,40.0,8,7.477530027612402,31.22172263699447,False,0.0,22.488841138426846,60000,plateau,200000,0.0001,0,False,40,stalled,60,True,0.005343711822066841,6.004540610432398e-05,0.005283666415962517,0.0012776760489562585,0.7370726687141023,1,285.4,192.9,,flow-following,0.8875281179705073,709.2603328949411,0.44,1.0
reg_unw_T40_s9,reg_unw,40.0,9,3.125938799726415,5.496504592981462,False,0.0,8.7796726992433,61000,plateau,200000,0.0001,0,False,28,stalled,60,True,8.518099842233756e-06,9.195708745659794e-11,8.5180078851463e-06,0.0016055889644321574,0.01685636212397139,1,171.3,135.9,,flow-following,0.9950012496875781,363.72097312042916,0.01,0.01
reg_always_unw_T14_s0,reg_always_unw,14.0,0,0.00012213243460166374,7.025848142403698e-09,True,0.0,2.8298930112741414,60000,plateau,200000,0.0001,0,False,7,stalled,60,True,4.738803731455135e-07,8.377041615700529e-15,4.738803647684719e-07,3.967514528128184e-28,1.0589530319652604e-05,1,271.1,25.1,,success,1.0,0.007352732435190917,,
reg_always_unw_T14_s1,reg_always_unw,14.0,1,6.106158641302181e-05,1.9195530677021476e-09,True,0.0,2.8299240424729106,61000,plateau,200000,0.0001,0,False,7,stalled,60,True,3.4501460233597526e-07,1.1694344545162434e-13,3.450144853925298e-07,3.6444172184178523e-28,1.0142134952433728e-05,1,487.8,63.5,,success,1.0,0.022588893645698382,,
reg_always_unw_T14_s2,reg_always_unw,14.0,2,5.3816423898476326e-05,1.4128156408216004e-09,True,0.0,2.8300080204275324,60000,plateau,200000,0.0001,0,False,8,stalled,60,True,2.5781216384642373e-07,2.348974766903331e-13,2.5781192894894706e-07,4.155243449389823e-28,1.0247070448459363e-05,1,229.2,24.6,,success,1.0,0.0032817411368762524,,
reg_always_unw_T14_s3,reg_always_unw,14.0,3,0.0001143753560715344,5.986914635977716e-09,True,0.0,2.8300545048246257,60000,plateau,200000,0.0001,0,False,8,stalled,60,True,3.0748591220896324e-07,5.365564297585919e-13,3.074853756525335e-07,3.4859012939123125e-28,2.8609370694364897e-05,1,223.0,21.1,,success,1.0,0.0022529823195528522,,
reg_always_unw_T14_s4,reg_always_unw,14.0,4,0.0001494448146769088,1.022014743142193e-08,True,0.0,2.829940731287159,60750,plateau,200000,0.0001,0,False,7,stalled,60,True,3.640128925199709e-07,6.682612744096908e-14,3.6401282569384346e-07,3.5974502025935927e-28,1.2152136863866699e-05,1,203.9,18.0,,success,1.0,0.019280511044105136,,
reg_always_unw_T14_s5,reg_always_unw,14.0,5,6.439595246805713e-05,2.275731607312445e-09,True,0.0,2.8299513222493493,60750,plateau,200000,0.0001,0,False,7,stalled,60,True,3.8771189682343224e-07,1.8838333156238115e-13,3.8771170844010066e-07,4.305613219426718e-28,2.1952788331481016e-05,1,247.5,18.9,,success,1.0,0.023239188306974835,,
reg_always_unw_T14_s6,reg_always_unw,14.0,6,0.0002998827530915368,4.0413922456028545e-08,True,0.0,2.8299671705485596,60750,plateau,200000,0.0001,0,False,5,stalled,60,True,4.52294964325568e-07,2.5435990874266665e-12,4.522924207264806e-07,3.579431447076435e-28,2.70675410936701e-05,1,250.0,14.9,,success,1.0,0.0037899536196578446,,
reg_always_unw_T14_s7,reg_always_unw,14.0,7,0.00011197478437337857,5.6918637694924865e-09,True,0.0,2.8298942303344434,61000,plateau,200000,0.0001,0,False,7,stalled,60,True,3.4872122609843684e-07,2.623199786444977e-13,3.487209637784582e-07,3.82383873703508e-28,1.1684266449050884e-05,1,240.2,21.7,,success,1.0,0.004363734733697668,,
reg_always_unw_T14_s8,reg_always_unw,14.0,8,0.00010802375048515374,5.463247393965351e-09,True,0.0,2.8298928825724174,60000,plateau,200000,0.0001,0,False,5,stalled,60,True,4.998719165579148e-07,1.1629032210857301e-12,4.998707536546938e-07,3.4712561266752446e-28,2.65693561360827e-05,1,231.8,14.8,,success,1.0,0.003852871817395544,,
reg_always_unw_T14_s9,reg_always_unw,14.0,9,0.0001251568051270944,7.2114714269570855e-09,True,0.0,2.8299300918342696,60000,plateau,200000,0.0001,0,False,7,stalled,60,True,3.3294126546201025e-07,6.160629057541243e-13,3.329406493991045e-07,3.979965590210007e-28,6.5725513071611845e-06,1,201.4,18.0,,success,1.0,0.010229267117257084,,
reg_always_unw_T27_s0,reg_always_unw,27.0,0,2.139580055473685,2.584149094072982,False,0.0,5.917756549552512,60000,plateau,200000,0.0001,0,False,15,stalled,60,True,0.00011782734069021853,1.9949259990083462e-10,3.600649290844673e-05,0.0001636412965783438,0.0008972560949852449,1,308.4,57.2,,flow-following,0.9896334690855239,438.97409874705005,0.01,0.01
reg_always_unw_T27_s1,reg_always_unw,27.0,1,1.6770156072629667,1.5298744355748797,False,0.0,3.5623639204447213,66000,plateau,200000,0.0001,0,False,5,stalled,60,True,0.050870513123529595,0.0005391662876821921,0.0493095294806928,0.002043634710309206,0.009093173214259185,1,356.0,16.7,,diffuse,0.46242132543502407,113.58987404508963,0.18,0.51
reg_always_unw_T27_s2,reg_always_unw,27.0,2,2.3182294087415096,2.9031945486119266,False,0.0,6.414256291945851,68500,plateau,200000,0.0001,0,False,29,stalled,60,True,0.0001691300636748394,1.3241904225294878e-10,5.191026930524707e-05,0.0002344393239011002,0.002044989259812619,1,382.3,155.7,,flow-following,0.9951869677897075,208.9692674473938,0.01,0.01
reg_always_unw_T27_s3,reg_always_unw,27.0,3,1.7479746543547654,1.6614706502813368,False,0.0,4.216593418941459,60000,plateau,200000,0.0001,0,False,5,stalled,60,True,0.06405114521766042,0.0005659140634436526,0.061931309480201376,0.0031078433480307764,0.034821433177121164,1,135.4,21.9,,diffuse,0.17845242502776748,144.8705839141973,0.19,0.49
reg_always_unw_T27_s4,reg_always_unw,27.0,4,1.9471823572744271,2.0749114865893663,False,0.0,6.017753471619607,63500,plateau,200000,0.0001,0,False,33,stalled,60,True,0.00011625541228158417,2.7838636681203917e-10,3.4833387408525165e-05,0.0001628434929733844,0.0020188958878509184,1,420.1,122.4,,flow-following,0.987782302850796,190.27682156009485,0.01,0.01
reg_always_unw_T27_s5,reg_always_unw,27.0,5,2.282022535027795,2.853636228367436,False,0.0,6.0730692021470745,62500,plateau,200000,0.0001,0,False,41,stalled,60,True,0.00016697288181880096,1.707559863019757e-09,4.8971249036794986e-05,0.00023599985044428593,0.012947016279125204,1,428.6,162.6,,flow-following,0.9914846353202518,298.8881568683433,0.01,0.01
reg_always_unw_T27_s6,reg_always_unw,27.0,6,1.698754584648183,1.6172890784858287,False,0.0,4.92775584554166,61750,plateau,200000,0.0001,0,False,15,stalled,60,True,0.035889552682443225,0.0004170955267881098,0.0346480916499767,0.001648731011356813,0.2561480703485989,1,260.9,81.3,,flow-following,0.6371714179933358,212.94177891524583,0.22,0.58
reg_always_unw_T27_s7,reg_always_unw,27.0,7,1.8202177043708674,1.7661148765547632,False,0.0,5.218620487505492,78750,plateau,200000,0.0001,0,False,60,cap,60,False,6.26864364755493e-05,3.5413519670867773e-09,3.5187681151930324e-05,5.4990427943303766e-05,0.016619812909692326,1,333.0,244.5,,flow-following,0.9822288041466124,420.1246533287402,2.04,2.07
reg_always_unw_T27_s8,reg_always_unw,27.0,8,2.164412108302114,2.5010459365425985,False,0.0,6.068304101223336,60000,plateau,200000,0.0001,0,False,10,stalled,60,True,0.032597114727077006,0.00047547721773088554,0.03097524923842909,0.002292776541834067,0.2682827678867385,1,246.3,37.5,,flow-following,0.6619770455386894,408.06825723459116,0.2,0.56
reg_always_unw_T27_s9,reg_always_unw,27.0,9,1.8934978761425647,2.0102827320917824,False,0.0,5.18698323601008,65000,plateau,200000,0.0001,0,False,26,stalled,60,True,5.644729964911276e-05,3.5042594113607073e-11,2.1657675164733332e-05,6.957917888357063e-05,0.002638891559579138,1,293.4,89.4,,flow-following,0.9859311366160681,232.88645648316452,0.01,0.01
reg_always_unw_T40_s0,reg_always_unw,40.0,0,2.4614262163045857,3.4322792385183,False,0.0,7.464007301061482,62000,plateau,200000,0.0001,0,False,6,stalled,60,True,0.038071579196504016,0.00026355784982474154,0.03652317815995981,0.002569686373438923,0.02116149835458044,1,556.1,26.7,,diffuse,0.5688577855536116,527.6317275985732,0.19,0.49
reg_always_unw_T40_s1,reg_always_unw,40.0,1,2.2398655859761654,2.7529850728326433,False,0.0,6.790073012097499,60000,plateau,200000,0.0001,0,False,6,stalled,60,True,0.040990493865137395,0.0002677759675295905,0.03913403371258842,0.0031773683700387838,0.03629903171554788,1,237.8,28.1,,diffuse,0.5253686578355411,822.6480219376525,0.19,0.5
reg_always_unw_T40_s2,reg_always_unw,40.0,2,2.354524689586023,3.059496762529562,False,0.0,5.673362532976063,66750,plateau,200000,0.0001,0,False,3,stalled,60,True,0.05829965103698825,0.0002907623083811805,0.05598182520591971,0.004054127045374706,0.0692059347431228,1,655.3,15.0,,diffuse,0.05073731567108223,1.3184523012786298,0.17,0.48
reg_always_unw_T40_s3,reg_always_unw,40.0,3,3.310130331005351,6.236855550506157,False,0.0,9.36651861510825,72500,plateau,200000,0.0001,0,False,42,stalled,60,True,0.0007000749602496064,9.829316579381238e-08,0.0002106998624513681,0.000978553609264889,0.1198044025871663,1,562.1,182.0,,flow-following,0.9845038740314921,589.1067754589153,3.3000000000000003,3.31
reg_always_unw_T40_s4,reg_always_unw,40.0,4,3.561487109834737,7.163326180911302,False,0.0,9.779575340018827,60750,plateau,200000,0.0001,0,False,18,stalled,60,True,0.0007948106273707413,8.31482654166113e-11,0.00020813375286265318,0.0011733535827196453,0.009038099612233903,1,472.9,90.6,,flow-following,0.9922519370157461,837.1069148677097,0.01,0.01
reg_always_unw_T40_s5,reg_always_unw,40.0,5,16.819476336071336,160.80653268018966,False,0.0,34.568804429128946,60000,plateau,200000,0.0001,0,False,47,stalled,60,True,0.0005827211521185041,2.0626862225936266e-10,0.00018490486899738542,0.0007956321537049929,0.08171794666787235,1,386.0,228.7,,flow-following,0.9777555611097226,2577.5990265348382,0.01,0.01
reg_always_unw_T40_s6,reg_always_unw,40.0,6,2.5008459104195593,3.473567723384745,False,0.0,7.678771041125944,64500,plateau,200000,0.0001,0,False,6,stalled,60,True,0.03580751358838291,0.0002616710378104206,0.03464641830820118,0.0017988484847426239,0.04140054226143472,1,443.9,29.0,,diffuse,0.5968507873031742,456.4453704876398,0.2,0.52
reg_always_unw_T40_s7,reg_always_unw,40.0,7,3.6087148567849394,7.356436752369647,False,0.0,10.203696142111141,61750,plateau,200000,0.0001,0,False,26,stalled,60,True,0.0008390479457495571,6.896642274071092e-11,0.00020960352230508646,0.0012588887089560958,0.06881028229555208,1,491.5,122.0,,flow-following,0.9775056235941014,438.06285472629753,0.01,0.01
reg_always_unw_T40_s8,reg_always_unw,40.0,8,2.6251236338026485,3.880478721262301,False,0.0,7.332481875442837,61750,plateau,200000,0.0001,0,False,30,stalled,60,True,0.00034671175755314384,1.3770540218224398e-09,9.226817038790588e-05,0.0005088844202224323,0.03930224808474897,1,436.2,150.6,,flow-following,0.9927518120469883,453.1143791105108,0.01,0.01
reg_always_unw_T40_s9,reg_always_unw,40.0,9,2.7640890163304626,4.3217657994916,False,0.0,8.090062285816584,60000,plateau,200000,0.0001,0,False,11,stalled,60,True,0.0473701200167158,0.00024994131417335866,0.04317459985860421,0.007891157687876457,1.454366740850062,1,437.4,48.1,,diffuse,0.5418645338665333,229.8500695509874,0.18,0.5
reg_resample_unw_T14_s0,reg_resample_unw,14.0,0,0.00041622594136247657,7.706669336171782e-08,True,0.0,2.8298878273089008,61750,plateau,200000,0.0001,0,False,7,stalled,60,True,4.783691397952494e-07,6.086405811014614e-12,4.783630533894384e-07,4.0080257825302174e-28,1.3871237548387292e-05,0,496.3,17.4,,success,1.0,0.004820578050320379,,
reg_resample_unw_T14_s1,reg_resample_unw,14.0,1,6.121593813468184e-05,1.959938083979418e-09,True,0.0,2.829975611071166,60000,plateau,200000,0.0001,0,False,7,stalled,60,True,4.378712056951661e-07,1.2148703768404781e-13,4.3787108420812844e-07,3.602877364187635e-28,1.7428863695580496e-05,0,481.3,20.3,,success,1.0,0.018963119901457437,,
reg_resample_unw_T14_s2,reg_resample_unw,14.0,2,0.00041147434188146286,7.452437299577327e-08,True,0.0,2.830020841809718,64500,plateau,200000,0.0001,0,False,6,stalled,60,True,3.7833173791705407e-07,1.0909270309949359e-11,3.783208286467441e-07,4.153304882618743e-28,2.783201414871937e-05,0,596.7,19.0,,success,1.0,0.006918181394092137,,
reg_resample_unw_T14_s3,reg_resample_unw,14.0,3,7.491003526836672e-05,2.8871075102777505e-09,True,0.0,2.8300174016250783,61750,plateau,200000,0.0001,0,False,6,stalled,60,True,4.960780279013373e-07,2.791679975152034e-13,4.960777487333398e-07,3.3791502673244034e-28,1.552424940420209e-05,0,438.7,16.7,,success,1.0,0.0032585017862650375,,
reg_resample_unw_T14_s4,reg_resample_unw,14.0,4,0.00014324214812859925,9.447267871771406e-09,True,0.0,2.830046394421641,60000,plateau,200000,0.0001,0,False,6,stalled,60,True,4.425373154512003e-07,4.4369685700085333e-13,4.425368717543433e-07,3.3980151105365575e-28,2.0749532364963867e-05,0,422.6,13.8,,success,1.0,0.033414743331928856,,
reg_resample_unw_T14_s5,reg_resample_unw,14.0,5,0.00011231626605099452,6.025562072059606e-09,True,0.0,2.8300002625158815,60250,plateau,200000,0.0001,0,False,7,stalled,60,True,3.907234120564153e-07,1.186808375787628e-13,3.907232933755777e-07,4.532996961130561e-28,2.695649257266171e-05,0,460.1,17.4,,success,1.0,0.006401866615287263,,
reg_resample_unw_T14_s6,reg_resample_unw,14.0,6,0.0001071662663685665,5.3968524772006925e-09,True,0.0,2.8299589981011612,60750,plateau,200000,0.0001,0,False,7,stalled,60,True,3.475571775124238e-07,5.507504823955412e-13,3.475566267619414e-07,3.5627930471206525e-28,9.724848103982019e-06,0,561.7,22.5,,success,1.0,0.00617909376486834,,
reg_resample_unw_T14_s7,reg_resample_unw,14.0,7,0.0001775675487449513,1.459794882841001e-08,True,0.0,2.830076987805712,60000,plateau,200000,0.0001,0,False,6,stalled,60,True,8.490381965433209e-07,2.822724226351022e-12,8.490353738190946e-07,3.9702912641962783e-28,3.0318125683575913e-05,0,568.3,18.3,,success,1.0,0.008588167427993176,,
reg_resample_unw_T14_s8,reg_resample_unw,14.0,8,6.081480949020405e-05,1.747649680839167e-09,True,0.0,2.8300199205892365,60000,plateau,200000,0.0001,0,False,6,stalled,60,True,3.3504752658892724e-07,2.709292344154033e-13,3.3504725565969284e-07,3.7148527091387076e-28,2.6062861935723654e-05,0,560.8,19.2,,success,1.0,0.0022966996487781884,,
reg_resample_unw_T14_s9,reg_resample_unw,14.0,9,0.00011811987788740596,6.487916646386965e-09,True,0.0,2.8298868301784434,61750,plateau,200000,0.0001,0,False,6,stalled,60,True,3.887083850257349e-07,1.0120565227604383e-13,3.887082838200826e-07,4.1677792289395835e-28,1.138996242795443e-05,0,598.0,20.2,,success,1.0,0.02406188814597254,,
reg_resample_unw_T27_s0,reg_resample_unw,27.0,0,1.369195712162121,1.0304739056206824,False,0.0,4.139340668351887,137000,plateau,200000,0.0001,0,False,60,cap,60,False,6.243712880581327e-06,8.570412763797831e-11,6.24362717645369e-06,1.6859126045565324e-06,0.0020190403194738854,0,3522.1,596.1,,flow-following,0.9944465012958164,117.81016277981104,0.01,0.01
reg_resample_unw_T27_s1,reg_resample_unw,27.0,1,1.366469806448103,0.998657780892363,False,0.0,3.2976271254683893,69000,plateau,200000,0.0001,0,False,6,stalled,60,True,0.05084060500027813,0.0005708084749699979,0.05026979652530813,0.019323959736295634,0.01841901571922755,0,1028.8,28.3,,diffuse,0.15512773047019623,1.056844472813091,0.18,0.49
reg_resample_unw_T27_s2,reg_resample_unw,27.0,2,1.2238140617447364,0.7964326959390176,False,0.0,3.1327887477634544,143250,plateau,200000,0.0001,0,False,12,stalled,60,True,0.027763801663343735,2.5082791844959934e-05,0.027738718871498775,0.010135989850337706,0.009048778396498132,0,2181.6,49.7,,diffuse,0.011847463902258423,0.5645094973636003,0.77,1.67
reg_resample_unw_T27_s3,reg_resample_unw,27.0,3,2.1819607161210723,2.6499203564448823,False,0.0,6.173401774475446,66500,plateau,200000,0.0001,0,False,60,cap,60,False,3.84872460033063e-05,6.67612313262615e-12,3.8487239327183166e-05,0.0003404288860550821,0.004658500935581016,0,1071.5,290.4,,flow-following,0.9918548685671973,177.05675414243467,0.02,0.02
reg_resample_unw_T27_s4,reg_resample_unw,27.0,4,2.7533448402631424,4.214007963120886,False,0.0,7.350957275661245,72500,plateau,200000,0.0001,0,False,17,stalled,60,True,3.257643641743676e-05,5.3796167078479085e-11,3.2576382621269684e-05,0.0010630577020047734,0.010619485638808254,0,1294.1,119.9,,flow-following,0.994816734542762,312.6705430297584,0.01,0.01
reg_resample_unw_T27_s5,reg_resample_unw,27.0,5,2.7493328156177044,4.198537965136133,False,0.0,7.3914252817952395,60750,plateau,200000,0.0001,0,False,26,stalled,60,True,1.845889654446107e-05,1.96877231773654e-11,1.845887685673789e-05,0.0010083613659374268,0.006138649060078775,0,981.4,124.7,,flow-following,0.9966679007774898,356.3965270945869,0.01,0.01
reg_resample_unw_T27_s6,reg_resample_unw,27.0,6,1.3788129449995004,1.0153018715215067,False,0.0,3.3014962438344257,75750,plateau,200000,0.0001,0,False,5,stalled,60,True,0.05087796376830314,0.0005728746766495772,0.050305089091653564,0.01924477924247124,0.0048492699356993225,0,730.0,15.0,,diffuse,0.17882265827471308,1.0196364539518115,0.18,0.48
reg_resample_unw_T27_s7,reg_resample_unw,27.0,7,2.013723587564175,2.2291137881833367,False,0.0,6.3070639054879285,73500,plateau,200000,0.0001,0,False,55,stalled,60,True,1.1160510321278118e-05,1.5221101192553792e-09,1.1158988211158863e-05,0.0002591240644296716,0.006636785238263403,0,1429.6,360.1,,flow-following,0.9900037023324695,229.18169651959897,0.01,0.01
reg_resample_unw_T27_s8,reg_resample_unw,27.0,8,1.4470029010156318,1.1113923834349235,False,0.0,3.331232305309667,72750,plateau,200000,0.0001,0,False,8,stalled,60,True,0.05159469590345459,0.000574115918370147,0.05102057998508445,0.019050942920202985,0.005036978383498614,0,691.2,24.7,,diffuse,0.20066641984450204,1.0296092185340746,0.18,0.49
reg_resample_unw_T27_s9,reg_resample_unw,27.0,9,1.983199845775869,2.1561515932342585,False,0.0,5.994731123191829,95000,plateau,200000,0.0001,0,False,50,stalled,60,True,6.183433213663407e-06,5.8157074358030234e-12,6.183427397955972e-06,0.0002580216745210107,0.002082645377916174,0,1048.9,176.5,,flow-following,0.9955572010366531,241.22160580487207,0.01,0.01
reg_resample_unw_T40_s0,reg_resample_unw,40.0,0,2.052643528061399,2.329763151318121,False,0.0,4.458905727218495,60000,plateau,200000,0.0001,0,False,4,stalled,60,True,0.050757130049160784,0.00029292780703637524,0.05046420224212441,0.018356665528258993,0.084727907911536,0,846.8,16.1,,diffuse,0.16320919770057485,1.0896810813951983,0.19,0.47000000000000003
reg_resample_unw_T40_s1,reg_resample_unw,40.0,1,2.055018611193283,2.3340962167513912,False,0.0,4.63499416994737,64500,plateau,200000,0.0001,0,False,3,stalled,60,True,0.05259401050886049,0.0002984611317345585,0.05229554937712593,0.018725334720493113,0.026379894180627767,0,943.8,12.1,,diffuse,0.1469632591852037,1.6531218857486774,0.18,0.47000000000000003
reg_resample_unw_T40_s2,reg_resample_unw,40.0,2,2.036662401844963,2.2951606086364125,False,0.0,4.607840065757336,64250,plateau,200000,0.0001,0,False,3,stalled,60,True,0.052355231526631664,0.0002997187564375001,0.052055512770194164,0.019068423752296507,0.03865826563783626,0,911.8,12.3,,diffuse,0.1562109472631842,1.6742758017014685,0.17,0.47000000000000003
reg_resample_unw_T40_s3,reg_resample_unw,40.0,3,2.0790274846987034,2.38616702781683,False,0.0,4.656584750008195,62750,plateau,200000,0.0001,0,False,6,stalled,60,True,0.052426895466264355,0.0002803513304437659,0.05214654413582059,0.018694422741862653,0.09247937581000834,0,876.7,22.6,,diffuse,0.13696575856035992,1.5475889617631853,0.15,0.45
reg_resample_unw_T40_s4,reg_resample_unw,40.0,4,3.766368075481504,8.017770455647756,False,0.0,9.75029905202975,60000,plateau,200000,0.0001,0,False,38,stalled,60,True,1.7858889878828707e-05,4.248478995282883e-11,1.7858847394038752e-05,0.0024516552412915216,0.01706189315197103,0,937.5,173.7,,flow-following,0.9965008747813047,690.9363463878166,0.01,0.01
reg_resample_unw_T40_s5,reg_resample_unw,40.0,5,4.27221278758163,10.332999611353042,False,0.0,10.565736772400188,62250,plateau,200000,0.0001,0,False,60,cap,60,False,3.4004376781300755e-05,1.3846542838076698e-11,3.400436293475792e-05,0.0031433354094870906,0.028674967841125464,0,960.7,263.0,,flow-following,0.9970007498125468,973.3616672312154,0.01,0.01
reg_resample_unw_T40_s6,reg_resample_unw,40.0,6,2.0588723182126563,2.342118741006538,False,0.0,4.625591341580948,72500,plateau,200000,0.0001,0,False,4,stalled,60,True,0.05250806183937123,0.0002824670858131389,0.05222559475355809,0.019022169594207664,0.016046280085637795,0,1156.2,17.8,,diffuse,0.13946513371657085,1.2540018487652589,0.18,0.47000000000000003
reg_resample_unw_T40_s7,reg_resample_unw,40.0,7,3.556481129427152,7.141442606145296,False,0.0,9.513549930134047,81500,plateau,200000,0.0001,0,False,46,stalled,60,True,1.7306582272860085e-05,8.868480791723956e-13,1.7306581386012005e-05,0.0021818103792102038,0.005817626135384568,0,1227.5,242.3,,flow-following,0.9977505623594102,696.142083008771,0.01,0.01
reg_resample_unw_T40_s8,reg_resample_unw,40.0,8,4.993464634386757,14.136398168855258,False,0.0,11.788697106158292,63750,plateau,200000,0.0001,0,False,22,stalled,60,True,8.213370422701184e-06,2.0808835047580802e-11,8.213349613866136e-06,0.003573351891067377,0.0008205196403554027,0,950.7,100.7,,flow-following,0.9955011247188202,319.1688035187654,0.02,0.04
reg_resample_unw_T40_s9,reg_resample_unw,40.0,9,3.1386311859614846,5.5416952808653575,False,0.0,8.779891109649123,60000,plateau,200000,0.0001,0,False,22,stalled,60,True,3.84834074695556e-05,1.75842988902133e-10,3.84832316265667e-05,0.001663107623303502,0.0038732852379720615,0,849.5,93.7,,flow-following,0.9967508122969257,444.4033056387428,0.01,0.01
pseudo_unw_T14_s0,pseudo_unw,14.0,0,6.319367806418517e-05,1.9141430561488263e-09,True,0.0,2.829969043757492,60000,plateau,200000,0.0001,0,False,10,stalled,60,True,3.0793691255035967e-07,3.485607162808863e-13,3.079365639896434e-07,,3.317442367967916e-05,0,441.4,24.1,0.5868225188651911,success,1.0,0.007604822309590304,,
pseudo_unw_T14_s1,pseudo_unw,14.0,1,0.0003694480816239544,6.036012379725585e-08,True,0.0,2.8299720122873513,63000,plateau,200000,0.0001,0,False,8,stalled,60,True,5.295030788200062e-07,2.1433723782688402e-12,5.295009354476279e-07,,1.751520616092577e-05,0,462.7,19.1,0.542324242046125,success,1.0,0.00985951446666112,,
pseudo_unw_T14_s2,pseudo_unw,14.0,2,4.168493021815779e-05,9.48773447949107e-10,True,0.0,2.82994825539352,60000,plateau,200000,0.0001,0,False,9,stalled,60,True,2.0794741512178388e-07,3.380676313833442e-14,2.0794738131502075e-07,,1.4157731966560904e-05,0,494.9,22.8,0.6123952308226912,success,1.0,0.00385626029737307,,
pseudo_unw_T14_s3,pseudo_unw,14.0,3,0.00014527852443657418,9.4824144226369e-09,True,0.0,2.830007650904415,61250,plateau,200000,0.0001,0,False,12,stalled,60,True,3.64147543037333e-07,2.3122818733127987e-14,3.6414751991451425e-07,,1.4446129882833401e-05,0,465.0,30.4,0.6118544013388724,success,1.0,0.0027049983090906417,,
pseudo_unw_T14_s4,pseudo_unw,14.0,4,0.0006632528143052768,1.9622218041066914e-07,True,0.0,2.8299496052035984,60250,plateau,200000,0.0001,0,False,9,stalled,60,True,1.3142332880872165e-06,7.368891901038795e-12,1.3142259191953156e-06,,3.134896997550014e-05,0,484.0,21.3,0.515829803806799,success,1.0,0.02777555942063275,,
pseudo_unw_T14_s5,pseudo_unw,14.0,5,0.00011281924546664665,5.958364695290239e-09,True,0.0,2.8300083599490957,60000,plateau,200000,0.0001,0,False,8,stalled,60,True,4.1582083327642743e-07,3.5828810869262856e-12,4.158172503953405e-07,,1.784331225513143e-05,0,1129.4,49.6,0.7529505216017172,success,1.0,0.012768874937165066,,
pseudo_unw_T14_s6,pseudo_unw,14.0,6,0.00013648156141487437,8.545282414701842e-09,True,0.0,2.8299706966105895,60250,plateau,200000,0.0001,0,False,16,stalled,60,True,2.5929678930512964e-07,2.54959978677496e-12,2.592942397053429e-07,,2.4867640079413484e-05,0,1124.1,105.3,0.5599028137241859,success,1.0,0.0074484341012969035,,
pseudo_unw_T14_s7,pseudo_unw,14.0,7,4.8676648182819036e-05,1.4350165369068286e-09,True,0.0,2.8299672754639245,60000,plateau,200000,0.0001,0,False,14,stalled,60,True,3.2280087430217895e-07,5.060334911648418e-14,3.2280082369882984e-07,,1.677838877321185e-05,0,487.1,36.1,0.5648294891454735,success,1.0,0.0019794700597348153,,
pseudo_unw_T14_s8,pseudo_unw,14.0,8,0.0001592640996459849,1.1548996146639982e-08,True,0.0,2.8299261618829954,60000,plateau,200000,0.0001,0,False,11,stalled,60,True,2.3747951424599562e-07,2.1831198996641053e-12,2.3747733112609595e-07,,1.2174771899868255e-05,0,1138.8,86.3,0.5820012985721966,success,1.0,0.004559685097721159,,
pseudo_unw_T14_s9,pseudo_unw,14.0,9,0.00012554327800086648,7.345415175634744e-09,True,0.0,2.8299380931448956,60000,plateau,200000,0.0001,0,False,8,stalled,60,True,3.700754637750516e-07,1.9238404831462927e-12,3.7007353993456846e-07,,1.3226571771220575e-05,0,485.9,21.1,0.6034495154864628,success,1.0,0.009261309877618822,,
pseudo_unw_T27_s0,pseudo_unw,27.0,0,0.00023777985972744196,2.5638145125752494e-08,True,0.0,2.830008580774266,60000,plateau,200000,0.0001,0,False,22,stalled,60,True,5.56185806407794e-07,4.818495606847056e-13,5.561853245582333e-07,,2.493451279393419e-05,0,1688.7,199.0,0.5499048202822541,success,1.0,0.006727490289371688,,
pseudo_unw_T27_s1,pseudo_unw,27.0,1,0.903428334079442,0.4040599684544866,False,0.728619029988893,1.9979895254069588,60000,plateau,200000,0.0001,0,False,5,stalled,60,True,0.031452540081244186,2.045389311796242e-06,0.03145049469193239,,0.007343084723883663,0,765.4,16.8,0.5343474007451015,parked,0.6664198445020363,0.7573717396254138,1.4000000000000001,2.4
pseudo_unw_T27_s2,pseudo_unw,27.0,2,8.501893833134389e-05,3.6201020367632447e-09,True,0.0,2.8300045751723104,61500,plateau,200000,0.0001,0,False,20,stalled,60,True,5.361078550155318e-07,2.454352790211909e-13,5.361076095802527e-07,,3.80055988065234e-05,0,1774.1,141.3,0.6048848826120535,success,1.0,0.007259471917356675,,
pseudo_unw_T27_s3,pseudo_unw,27.0,3,0.0008146476640842777,2.9553323495021573e-07,True,0.0,2.830054185576641,60000,plateau,200000,0.0001,0,False,19,stalled,60,True,6.342768225528968e-07,5.398761848666056e-13,6.342762826767119e-07,,3.5099797740640836e-05,0,712.3,64.3,0.7604972549932733,success,1.0,0.016741531998475948,,
pseudo_unw_T27_s4,pseudo_unw,27.0,4,0.0008380223312483175,3.1308847732583255e-07,True,0.0,2.8301322306663215,60250,plateau,200000,0.0001,0,False,21,stalled,60,True,4.33204095827581e-07,7.517246317991475e-13,4.3320334410294923e-07,,2.3203860082364556e-05,0,764.1,67.1,0.8642575399803979,success,1.0,0.006230638653720892,,
pseudo_unw_T27_s5,pseudo_unw,27.0,5,0.0006323607647489246,1.8229917152416301e-07,True,0.0,2.830167046708371,70250,plateau,200000,0.0001,0,False,32,stalled,60,True,2.6673945978237936e-06,8.601959552525198e-13,2.6673937376278383e-06,,4.152352263516495e-05,0,812.6,99.5,0.7749055949458916,success,1.0,0.009120682646217335,,
pseudo_unw_T27_s6,pseudo_unw,27.0,6,0.0004034308451640352,7.253956772965778e-08,True,0.0,2.8300347353709823,61750,plateau,200000,0.0001,0,False,26,stalled,60,True,5.82179990932626e-07,2.0598090949887567e-13,5.821797849517165e-07,,3.479867536346946e-05,0,688.2,78.8,0.573951162208587,success,1.0,0.010108224414495728,,
pseudo_unw_T27_s7,pseudo_unw,27.0,7,0.0002777814305871466,3.474654303029474e-08,True,0.0,2.8299956558281867,60000,plateau,200000,0.0001,0,False,18,stalled,60,True,4.614389009925692e-07,2.9704691642283586e-13,4.614386039456528e-07,,2.3772713106044984e-05,0,1797.6,125.5,0.7585198210159778,success,1.0,0.009806243333798844,,
pseudo_unw_T27_s8,pseudo_unw,27.0,8,0.9022358219426155,0.40303653269542283,False,0.7282487967419474,1.9984260316330962,60000,plateau,200000,0.0001,0,False,4,stalled,60,True,0.03125383630054365,2.0908873476302786e-06,0.03125174541319602,,0.006450520189962563,0,681.5,12.1,0.7625242413176567,parked,0.6619770455386894,0.770694271350059,1.44,2.41
pseudo_unw_T27_s9,pseudo_unw,27.0,9,0.00030338828792046105,4.151556309945303e-08,True,0.0,2.829979556152222,60000,plateau,200000,0.0001,0,False,16,stalled,60,True,6.589504029190674e-07,1.328898436151029e-14,6.58950389630083e-07,,2.4447970372449364e-05,0,711.9,50.5,0.681356270840753,success,1.0,0.022003372322914855,,
pseudo_unw_T40_s0,pseudo_unw,40.0,0,0.6872084842946639,0.22246628155089615,False,0.0,2.8547396008430455,60000,plateau,200000,0.0001,0,False,15,stalled,60,True,0.00040228307523344157,4.551898902378682e-07,0.0004018278853432037,,0.0005289966597568534,0,970.8,57.7,0.637640838274662,diffuse,0.9890027493126718,0.1692031508066968,2.72,8.57
pseudo_unw_T40_s1,pseudo_unw,40.0,1,0.002126682966186676,2.0103753174976136e-06,True,0.0,2.8301218075163797,62250,plateau,200000,0.0001,0,False,28,stalled,60,True,7.656442917612096e-07,8.55901926731375e-12,7.656357327419424e-07,,5.2016475179721585e-05,0,996.2,107.9,0.7395837585006355,success,1.0,0.008689739006070974,,
pseudo_unw_T40_s2,pseudo_unw,40.0,2,0.9349652913019653,0.43426593012451614,False,0.8157960509872532,1.998637540350187,60000,plateau,200000,0.0001,0,False,4,stalled,60,True,0.021199400077301204,9.464122220615643e-07,0.021198453665079144,,0.003386654400095811,0,952.7,15.8,0.8230557791430978,parked,0.7728067983004249,0.7866322768616051,1.45,2.4
pseudo_unw_T40_s3,pseudo_unw,40.0,3,0.000516812886568731,1.2159705697468954e-07,True,0.0,2.830241103137807,91000,plateau,200000,0.0001,0,False,51,stalled,60,True,2.1680655199086283e-06,1.8809646717971482e-13,2.168065331812161e-06,,3.561858524761578e-05,0,1395.5,194.6,0.5781915764279717,success,1.0,0.011777280962452884,,
pseudo_unw_T40_s4,pseudo_unw,40.0,4,0.0027521358723450926,3.3700946915402953e-06,True,0.0,2.8300938283996575,66250,plateau,200000,0.0001,0,False,60,stalled,60,True,1.3140935520391634e-06,4.431600829517248e-12,1.3140891204383338e-06,,3.735898002282602e-05,0,1178.3,240.0,0.6777490937994334,success,1.0,0.022129969746708975,,
pseudo_unw_T40_s5,pseudo_unw,40.0,5,0.939445295632056,0.4385423890840886,False,0.8212946763309172,1.9981128923112839,60000,plateau,200000,0.0001,0,False,6,stalled,60,True,0.021335948244801704,1.7979517906812318e-06,0.02133415029301102,,0.010852047650471068,0,2216.1,73.7,0.6767876008130862,parked,0.770557360659835,0.7800103797483786,1.34,2.35
pseudo_unw_T40_s6,pseudo_unw,40.0,6,0.008889024934501652,3.519716714469737e-05,True,0.0,2.830363759685425,65250,plateau,200000,0.0001,0,False,60,cap,60,False,3.3464461034935258e-06,8.544260237307043e-11,3.3463606608911526e-06,,0.0001469698539595295,0,938.3,209.4,0.6296382029641612,success,1.0,0.028108599776551033,,
pseudo_unw_T40_s7,pseudo_unw,40.0,7,0.00042443369639911485,8.18849410069359e-08,True,0.0,2.8299993857996735,61000,plateau,200000,0.0001,0,False,49,stalled,60,True,1.0368791706249125e-06,3.8565620959458826e-13,1.036878784968703e-06,,3.171667992572418e-05,0,1082.7,195.8,0.6865834675319831,success,1.0,0.009342873258580372,,
pseudo_unw_T40_s8,pseudo_unw,40.0,8,0.0004500665782093103,9.566442762072363e-08,True,0.0,2.8302605394058276,65000,plateau,200000,0.0001,0,False,57,stalled,60,True,3.926504728407359e-06,1.593070583747455e-13,3.926504569100301e-06,,0.00015051103196236392,0,1755.3,436.8,0.5155400825394117,success,1.0,0.00814771796249891,,
pseudo_unw_T40_s9,pseudo_unw,40.0,9,0.00806162298221115,2.8930847374188747e-05,True,0.0,2.83036763221825,61000,plateau,200000,0.0001,0,False,33,stalled,60,True,1.7565900403556707e-06,4.458301004481214e-11,1.756545457345626e-06,,4.458934731834931e-05,0,1001.9,122.8,0.7391939830076806,success,1.0,0.01813118995177439,,
base_causal_T14_s0,base_causal,14.0,0,0.0003531682906133278,5.5370253988670736e-08,True,0.0,2.8299605447974243,74250,plateau,200000,0.0001,4,False,6,stalled,60,True,5.39530194052482e-07,3.8735860429527354e-12,5.39526320466439e-07,,2.874946471828573e-05,1,157.9,15.5,,success,1.0,0.004030943300569734,,
base_causal_T14_s1,base_causal,14.0,1,0.0002658318063569782,3.1298837384697005e-08,True,0.0,2.8300291667769524,60000,plateau,200000,0.0001,4,False,11,stalled,60,True,2.3212261871292715e-07,5.46881858375375e-13,2.3212207183106877e-07,,9.203720872066607e-06,1,87.4,29.9,,success,1.0,0.008640847856602086,,
base_causal_T14_s2,base_causal,14.0,2,0.6450597710752135,0.20061196939848772,False,0.0,5.175490611222214,60250,plateau,200000,0.0001,4,False,14,stalled,60,True,1.0270080018773112e-06,1.726333496781121e-10,1.0268353685276332e-06,,4.484479827297927e-05,1,55.1,37.1,,flow-following,0.9885795860099929,136.6350216188976,9.59,9.66
base_causal_T14_s3,base_causal,14.0,3,1.263344646497953,0.8458895795997945,False,0.0,2.8447537490050423,60750,plateau,200000,0.0001,4,True,20,stalled,60,True,1.9880409818362374e-05,7.610192701991189e-11,1.9880333716435355e-05,,0.031395581801019465,1,184.1,57.2,,flow-following,0.9892933618843683,93.86950813143166,4.97,5.11
base_causal_T14_s4,base_causal,14.0,4,0.0001241091015468943,6.915246555140507e-09,True,0.0,2.829948126409644,62000,plateau,200000,0.0001,4,False,12,stalled,60,True,3.370731199598766e-07,2.0967251783137e-12,3.370710232346983e-07,,4.3898178940264054e-05,1,63.8,28.2,,success,1.0,0.005164936031876835,,
base_causal_T14_s5,base_causal,14.0,5,7.698908900647999e-05,2.8192529195883825e-09,True,0.0,2.829860020751165,62500,plateau,200000,0.0001,4,False,10,stalled,60,True,2.548168785158833e-07,3.098144008312204e-13,2.5481656870148245e-07,,5.156366422085245e-06,1,137.5,24.7,,success,1.0,0.005634796063410824,,
base_causal_T14_s6,base_causal,14.0,6,0.00015269047576063383,1.0772604276211094e-08,True,0.0,2.829968305141033,61000,plateau,200000,0.0001,4,False,6,stalled,60,True,4.923063150217103e-07,2.8523278748666533e-12,4.923034626938354e-07,,1.655391172322756e-05,1,160.0,15.0,,success,1.0,0.006895488154632746,,
base_causal_T14_s7,base_causal,14.0,7,0.00022293847786553984,2.221594650327643e-08,True,0.0,2.829904493009892,65750,plateau,200000,0.0001,4,False,5,stalled,60,True,4.114414516527586e-07,7.854052893662046e-12,4.114335975998649e-07,,2.318667782984971e-05,1,93.1,13.1,,success,1.0,0.006179112711426003,,
base_causal_T14_s8,base_causal,14.0,8,0.0001592783938709767,1.1253891947419262e-08,True,0.0,2.829991514663399,61250,plateau,200000,0.0001,4,False,6,stalled,60,True,4.838712543115715e-07,1.6820052647476623e-14,4.838712374915188e-07,,1.4284711832131999e-05,1,130.9,15.3,,success,1.0,0.002554094221273459,,
base_causal_T14_s9,base_causal,14.0,9,6.283058106628933e-05,1.996341008545775e-09,True,0.0,2.8299355407651547,60000,plateau,200000,0.0001,4,False,6,stalled,60,True,3.618019901128046e-07,1.8735662019308871e-13,3.618018027561844e-07,,2.2968148375649828e-05,1,138.1,15.4,,success,1.0,0.026693281473268566,,
base_causal_T27_s0,base_causal,27.0,0,0.8054790556370666,0.32381709628241573,False,0.6464272491669752,2.829635505307706,66750,plateau,200000,0.0001,4,False,12,stalled,60,True,3.963559739207298e-05,6.328761050911281e-08,3.9572309781563865e-05,,0.015722024935221172,1,403.7,44.5,,parked,0.990373935579415,105.96594027851947,6.16,9.69
base_causal_T27_s1,base_causal,27.0,1,1.764979850284208,1.6541818272518451,False,0.0,2.990040946497412,84500,plateau,200000,0.0001,1,False,8,stalled,60,True,0.04373453068931225,0.0005308625884940946,0.04320366810081815,,0.003963026598868919,1,2.2,24.1,,diffuse,0.08959644576082933,0.9381417475243032,0.19,0.51
base_causal_T27_s2,base_causal,27.0,2,1.9903646311254333,2.1722277487165784,False,0.0,4.083288090102856,60750,plateau,200000,0.0001,2,False,4,stalled,60,True,0.06754374767836371,0.0006557824772323738,0.06688796520113134,,0.049414069360111966,1,300.4,13.3,,diffuse,0.06775268419104036,0.9751290257133859,0.18,0.48
base_causal_T27_s3,base_causal,27.0,3,0.9019041847759969,0.4027205275252199,False,0.7278785634950018,2.0019094788099543,60000,plateau,200000,0.0001,0,False,3,stalled,60,True,0.03126979270962927,2.942962039017092e-06,0.03126684974759025,,0.0027650465406141287,1,334.1,10.7,,parked,0.6593854128100703,0.8241640436993433,1.3800000000000001,2.41
base_causal_T27_s4,base_causal,27.0,4,2.7971199077778186,4.3756789595700525,False,0.0,7.458742430063038,81000,plateau,200000,0.0001,1,False,25,stalled,60,True,7.532860143240563e-06,1.9619103558700622e-11,7.532840524137004e-06,,0.005622250164810741,1,564.7,98.8,,flow-following,0.994816734542762,264.79481696668876,0.01,0.01
base_causal_T27_s5,base_causal,27.0,5,2.3360484926563085,2.9686488766345316,False,0.0,6.395391607767658,69000,plateau,200000,0.0001,1,False,25,stalled,60,True,1.753851945282667e-05,2.2156742865415336e-10,1.7538297885398017e-05,,0.02070724427808166,1,364.3,81.8,,flow-following,0.9966679007774898,227.0532173005219,0.01,0.01
base_causal_T27_s6,base_causal,27.0,6,11.507188139309088,73.74356249461822,False,0.0,24.571019034749074,68750,plateau,200000,0.0001,2,False,31,stalled,60,True,0.0002516253348071181,4.2781873404499414e-08,0.0002515825529337136,,0.009074581872614474,1,453.0,109.1,,flow-following,0.9696408737504628,963.3903033563488,1.85,1.8900000000000001
base_causal_T27_s7,base_causal,27.0,7,1.3867263027892063,1.0260256207261522,False,0.0,3.3023359194094537,88750,plateau,200000,0.0001,1,False,5,stalled,60,True,0.05077781766587218,0.0005562508553384765,0.050221566810533705,,0.027127035642655433,1,529.4,17.6,,diffuse,0.12069603850425768,3.770640225519422,0.17,0.46
base_causal_T27_s8,base_causal,27.0,8,1.753139370557374,1.6769977605763995,False,0.0,3.804915094737905,60000,plateau,200000,0.0001,1,False,3,stalled,60,True,0.0620086546818432,0.0005943136543752701,0.061414341027467935,,0.19317026557402484,1,263.9,11.1,,diffuse,0.18363569048500555,53.75263475577,0.17,0.48
base_causal_T27_s9,base_causal,27.0,9,2.307858564689057,2.9786095218441173,False,0.0,6.536544946355716,77750,plateau,200000,0.0001,1,False,20,stalled,60,True,6.520172510880778e-06,5.748352384261973e-12,6.520166762528394e-06,,0.0005222023473060194,1,513.9,78.7,,flow-following,0.9959274342835986,242.64610963651188,0.01,0.01
base_causal_T40_s0,base_causal,40.0,0,0.938408845559486,0.43432756741463413,False,0.8685328667833042,2.830098026518706,63000,plateau,200000,0.0001,0,False,8,stalled,60,True,5.329259445032421e-06,3.584681756217048e-10,5.328900976856799e-06,,0.0006930024432551128,1,585.5,46.9,,parked,0.9925018745313672,62.61381071968883,5.24,5.38
base_causal_T40_s1,base_causal,40.0,1,2.036526265314845,2.294704184162509,False,0.0,4.6114908996513115,61000,plateau,200000,0.0001,1,False,3,stalled,60,True,0.052095734320317014,0.0002875309148320758,0.05180820340548494,,0.1361146387871949,1,825.6,24.2,,diffuse,0.11547113221694576,7.058983393558015,0.16,0.44
base_causal_T40_s2,base_causal,40.0,2,2.2699609306531405,2.856381696182174,False,0.0,4.902992897264458,60000,plateau,200000,0.0001,2,False,6,stalled,60,True,0.05530666024106477,0.0002980428091554099,0.055008617431909365,,0.04980568329783005,1,434.9,26.5,,diffuse,0.03349162709322669,0.9797225900353472,0.19,0.49
base_causal_T40_s3,base_causal,40.0,3,0.9090299171794934,0.41297566898936966,False,0.825793551612097,2.8326065828827933,62250,plateau,200000,0.0001,3,False,11,stalled,60,True,3.26481832690017e-05,1.1256413573557227e-08,3.2636926855428145e-05,,0.014342782663584665,1,724.0,66.0,,parked,0.9902524368907774,102.18302055093164,6.95,7.13
base_causal_T40_s4,base_causal,40.0,4,12.879336505508313,94.24422207519714,False,0.0,26.16975305100346,60750,plateau,200000,0.0001,1,False,25,stalled,60,True,0.0009083054385204435,7.348944402098388e-12,0.0009083054311714991,,0.33009566953895264,1,537.7,152.0,,flow-following,0.9507623094226444,1472.0829113514865,0.01,0.01
base_causal_T40_s5,base_causal,40.0,5,3.8339928460469683,8.310718622881186,False,0.0,9.852760097535043,62500,plateau,200000,0.0001,1,False,23,stalled,60,True,1.0976453006928694e-05,1.7774206366916435e-11,1.0976435232722327e-05,,0.003227171853638852,1,376.5,88.4,,flow-following,0.9967508122969257,323.0161734358128,0.01,0.01
base_causal_T40_s6,base_causal,40.0,6,2.456264108300197,3.3411342508453683,False,0.0,7.38091129063557,60000,plateau,200000,0.0001,1,False,6,stalled,60,True,0.03685807700052952,0.0002624720883288445,0.03659560491220067,,0.031498558473885725,1,613.5,55.5,,diffuse,0.5496125968507873,269.6374967711934,0.2,0.5
base_causal_T40_s7,base_causal,40.0,7,0.9348846531721434,0.43423866752783463,False,0.8167958010497376,1.9984859033353304,60500,plateau,200000,0.0001,0,False,3,stalled,60,True,0.021086504763459118,1.1464430077769996e-06,0.02108535832045134,,0.0005231528348869298,1,361.9,13.8,,parked,0.7698075481129718,0.7841865289116328,1.3900000000000001,2.4
base_causal_T40_s8,base_causal,40.0,8,2.0523748060958282,2.312454613700718,False,0.0,5.4185658328983415,63000,plateau,200000,0.0001,1,False,5,stalled,60,True,0.045339340639232964,0.00027349151710054495,0.04506584912213242,,0.14965850981377765,1,440.5,19.5,,diffuse,0.3564108972756811,172.0000086937701,0.18,0.48
base_causal_T40_s9,base_causal,40.0,9,2.2250532252964144,2.718672108749189,False,0.0,4.763008628291907,60500,plateau,200000,0.0001,1,False,3,stalled,60,True,0.05421726044673326,0.0002974750066310367,0.05391978544010222,,0.03878614678607918,1,390.3,11.6,,diffuse,0.08122969257685579,1.2367401131143403,0.17,0.45
reg_causal_T14_s0,reg_causal,14.0,0,1.6016587929838944,1.3368699105904387,False,0.0,4.4875521262989,60000,plateau,200000,0.0001,4,False,9,stalled,60,True,5.759207845237315e-07,2.4958596648849055e-12,5.759182886640665e-07,2.2849645950860056e-05,4.1141983219292887e-05,1,97.2,27.5,,flow-following,0.9950035688793719,283.32547661827715,5.09,5.12
reg_causal_T14_s1,reg_causal,14.0,1,0.0001297784334367146,7.343743861087833e-09,True,0.0,2.82995832230335,61750,plateau,200000,0.0001,4,False,12,stalled,60,True,2.666446779800431e-07,4.649231440083287e-14,2.666446314877287e-07,3.749000603717653e-28,1.967685567069732e-05,1,2.0,33.7,,success,1.0,0.0057807595865109924,,
reg_causal_T14_s2,reg_causal,14.0,2,0.0005379186661294492,1.2849073448943162e-07,True,0.0,2.830013130849353,62000,plateau,200000,0.0001,4,False,7,stalled,60,True,2.9978921285172155e-07,1.2211456296576386e-11,2.9977700139542497e-07,4.260212261537801e-28,1.687550607740475e-05,1,195.9,18.2,,success,1.0,0.005547015065295055,,
reg_causal_T14_s3,reg_causal,14.0,3,0.00016526709546908612,1.2542961577367584e-08,True,0.0,2.8299555125469698,60250,plateau,200000,0.0001,4,False,7,stalled,60,True,4.472282671567459e-07,7.94255421099196e-14,4.472281877312038e-07,3.2883118770013797e-28,1.451856265649523e-05,1,225.1,18.4,,success,1.0,0.0029744008034955425,,
reg_causal_T14_s4,reg_causal,14.0,4,0.0006306015802403265,1.7611099150785515e-07,True,0.0,2.829948480191425,60000,plateau,200000,0.0001,4,False,12,stalled,60,True,6.833732775356821e-07,2.7620807838068055e-11,6.83345656727844e-07,3.4949301539038583e-28,1.3853433052757487e-05,1,5.2,31.5,,success,1.0,0.010789140349835089,,
reg_causal_T14_s5,reg_causal,14.0,5,0.00022226812805123996,2.2719608655096554e-08,True,0.0,2.829939194979371,62500,plateau,200000,0.0001,4,False,9,stalled,60,True,4.3660763648254174e-07,1.996774216602322e-13,4.3660743680512007e-07,4.5636526534936135e-28,1.377886216766494e-05,1,109.1,29.4,,success,1.0,0.006265894938312317,,
reg_causal_T14_s6,reg_causal,14.0,6,0.43110777501551273,0.08669034182597125,False,0.0,2.8389415479501667,60250,plateau,200000,0.0001,4,False,16,stalled,60,True,2.990665993884159e-07,1.3923626009552214e-12,2.9906520702581494e-07,9.686070612912247e-24,1.7408927639695263e-05,1,135.3,84.9,,flow-following,0.9885795860099929,26.734122955211003,7.08,8.81
reg_causal_T14_s7,reg_causal,14.0,7,0.5757094204116391,0.1634385290107794,False,0.3269093504639543,2.830081824615076,66500,plateau,200000,0.0001,4,False,16,stalled,60,True,5.961589495996686e-06,3.856479595150815e-09,5.957733016401535e-06,0.3237544152522669,0.003988113575058333,1,149.2,47.6,,parked,0.9885795860099929,186.77734872586947,9.4,9.540000000000001
reg_causal_T14_s8,reg_causal,14.0,8,7.17586606979273e-05,2.531163220629852e-09,True,0.0,2.82990854189657,61500,plateau,200000,0.0001,4,False,9,stalled,60,True,2.855624540793625e-07,8.338108628359433e-14,2.855623706982762e-07,3.5016374193949768e-28,1.6210148192973e-05,1,63.6,23.0,,success,1.0,0.004984449261556467,,
reg_causal_T14_s9,reg_causal,14.0,9,0.00021071932903850716,2.037578928316857e-08,True,0.0,2.8299608279245527,60000,plateau,200000,0.0001,3,False,12,stalled,60,True,4.218462330491928e-07,5.169914995305657e-14,4.218461813500428e-07,4.1757900943002895e-28,1.1457959640491345e-05,1,7.6,41.1,,success,0.9978586723768736,0.2865721207939333,,
reg_causal_T27_s0,reg_causal,27.0,0,2.104557261768055,2.4661241329721872,False,0.0,5.976842859175776,62000,plateau,200000,0.0001,0,False,26,stalled,60,True,1.091025758279337e-05,7.938562792488893e-12,1.0910249644230576e-05,0.0002561149875674309,0.00031193936081613165,1,401.1,125.8,,flow-following,0.9914846353202518,221.17258039007686,0.01,0.01
reg_causal_T27_s1,reg_causal,27.0,1,2.093747217345359,2.456014197702395,False,0.0,5.992312828697583,70750,plateau,200000,0.0001,1,False,10,stalled,60,True,0.03348402600894781,0.0004739305715973649,0.033010095437350444,0.018499506195863515,0.13974622281125307,1,634.4,50.3,,flow-following,0.6012587930396149,243.45245953817536,0.19,0.53
reg_causal_T27_s2,reg_causal,27.0,2,1.8999140451406957,1.9780375361225149,False,0.0,3.883887719331559,61250,plateau,200000,0.0001,2,False,4,stalled,60,True,0.06571069761768378,0.0005831613451276162,0.06512753627255616,0.02899918630430994,0.06020501961587095,1,251.0,23.3,,diffuse,0.07404664938911515,96.56857140783593,0.19,0.49
reg_causal_T27_s3,reg_causal,27.0,3,2.3007329032850747,2.9519184863022003,False,0.0,6.7091157914556545,95000,plateau,200000,0.0001,0,False,15,stalled,60,True,3.759861648441168e-06,3.7263809604011636e-11,3.7598243846315638e-06,0.0005711753441994308,0.0005357682427234765,1,1342.1,107.1,,flow-following,0.9951869677897075,207.4497127446747,0.02,0.02
reg_causal_T27_s4,reg_causal,27.0,4,1.8793093595140984,1.8506803968263912,False,0.0,3.5212302929948187,67750,plateau,200000,0.0001,1,False,4,stalled,60,True,0.05619296653687045,0.0005930991378279628,0.055599867399042484,0.0210224157000931,0.04303862887663392,1,296.5,14.8,,diffuse,0.12847093669011478,1.0292554849401865,0.17,0.47000000000000003
reg_causal_T27_s5,reg_causal,27.0,5,5.017581082561673,14.260413365940714,False,0.0,11.277271686251515,72000,plateau,200000,0.0001,1,False,27,stalled,60,True,7.694512930923278e-06,7.982549463156747e-12,7.694504948373815e-06,0.003669856663157028,0.0021730802453071908,1,371.4,103.0,,flow-following,0.9966679007774898,542.1118045169917,0.01,0.01
reg_causal_T27_s6,reg_causal,27.0,6,2.851472467066145,4.6596269301544915,False,0.0,7.6797998273247225,79500,plateau,200000,0.0001,1,False,44,stalled,60,True,4.965181404813488e-06,7.283759154708737e-11,4.965108567221941e-06,0.0012731204270632482,9.119229899231083e-05,1,347.3,154.8,,flow-following,0.9922251018141429,445.4830254098348,3.94,3.96
reg_causal_T27_s7,reg_causal,27.0,7,4.217693170696778,10.07661709254704,False,0.0,11.197758642250689,60000,plateau,200000,0.0001,1,False,47,stalled,60,True,3.4300309403792565e-05,1.5971402062427957e-10,3.430014968977194e-05,0.0022618457669582727,0.021875775676978192,1,63.0,186.2,,flow-following,0.9914846353202518,779.4633151728794,0.01,0.01
reg_causal_T27_s8,reg_causal,27.0,8,1.2194099359001287,0.7903970901894602,False,0.5246205109218808,4.3245549888273285,65000,plateau,200000,0.0001,1,False,13,stalled,60,True,2.762729464595243e-05,7.958792538189006e-13,2.7627293850073175e-05,0.5227024138975541,0.001794353771552756,1,178.1,45.5,,parked,0.9907441688263606,156.8928488975755,0.01,0.04
reg_causal_T27_s9,reg_causal,27.0,9,2.2811896036865056,2.908199049893892,False,0.0,6.513750044995618,68000,plateau,200000,0.0001,1,False,24,stalled,60,True,1.0422536605995325e-05,5.297080434517639e-11,1.042248363519098e-05,0.0004721014993820833,0.011982600151851625,1,2.9,93.9,,flow-following,0.9900037023324695,252.2948062103204,0.01,0.01
reg_causal_T40_s0,reg_causal,40.0,0,3.183268069626583,5.750075022608595,False,0.0,8.736377558367257,61750,plateau,200000,0.0001,1,False,9,stalled,60,True,0.024272540798033395,0.0002523782170022603,0.024020162581031134,0.015565676837873788,0.16767845525340375,1,327.5,42.5,,flow-following,0.7313171707073232,489.78813964629643,0.24,0.58
reg_causal_T40_s1,reg_causal,40.0,1,2.2115900084124496,2.748890927956356,False,0.0,6.356078298199504,60000,plateau,200000,0.0001,1,False,7,stalled,60,True,0.043180203735897635,0.0002863362774963949,0.04289386745840124,0.01697905449730461,0.13132522085607204,1,134.1,31.4,,diffuse,0.4233941514621345,313.16423409483116,0.2,0.51
reg_causal_T40_s2,reg_causal,40.0,2,2.074803342401119,2.3717717013796276,False,0.0,7.241118601235922,61500,plateau,200000,0.0001,2,False,8,stalled,60,True,0.037763528312180536,0.0002720174115083556,0.03749151090067218,0.0158109146805734,0.4519089955453004,1,285.8,35.6,,diffuse,0.5208697825543614,280.76414794760973,0.19,0.5
reg_causal_T40_s3,reg_causal,40.0,3,2.0566853843351454,2.3381669226465385,False,0.0,4.645002326088608,67750,plateau,200000,0.0001,0,False,3,stalled,60,True,0.052147564466257255,0.0002855203994269377,0.051862044066830315,0.01855151591596051,0.002408398357574619,1,392.2,13.6,,diffuse,0.14896275931017244,1.6133852811903788,0.15,0.44
reg_causal_T40_s4,reg_causal,40.0,4,8.986639283658944,45.88075300284337,False,0.0,20.071555640906272,60250,plateau,200000,0.0001,1,False,43,stalled,60,True,7.631158275822409e-05,3.927626567564404e-12,7.631157883059753e-05,0.0022949225144473996,0.022860113888945433,1,275.3,211.2,,flow-following,0.9942514371407148,628.6114418411669,0.01,0.01
reg_causal_T40_s5,reg_causal,40.0,5,5.56740552700449,17.582861459961517,False,0.0,12.798952427931747,60000,plateau,200000,0.0001,1,False,37,stalled,60,True,5.091517679973803e-06,1.861535344415738e-12,5.091515818438459e-06,0.0035977663988506258,0.0049722735445676515,1,289.3,178.9,,flow-following,0.9977505623594102,495.8650231391547,0.01,0.01
reg_causal_T40_s6,reg_causal,40.0,6,2.0514887101123174,2.3264365085962546,False,0.0,4.678761275754837,67000,plateau,200000,0.0001,1,False,3,stalled,60,True,0.052298699210225286,0.00028769081116942965,0.052011008399055855,0.017536890073848083,0.01041512879088497,1,393.3,13.3,,diffuse,0.14071482129467633,2.5481745175332224,0.18,0.45
reg_causal_T40_s7,reg_causal,40.0,7,2.060699094466236,2.3460315495593957,False,0.0,4.6357165767586785,73500,plateau,200000,0.0001,0,False,3,stalled,60,True,0.05263631644539093,0.0002961408031599493,0.05234017564223098,0.018730729600909293,0.005774868192247966,1,553.2,14.5,,diffuse,0.15096225943514122,1.2998348470059595,0.17,0.47000000000000003
reg_causal_T40_s8,reg_causal,40.0,8,2.0656244234499126,2.3566142585517387,False,0.0,4.646340449347355,68250,plateau,200000,0.0001,1,False,3,stalled,60,True,0.052714497450511856,0.00029769619546132493,0.05241680125505053,0.018524418314797078,0.015291003178639394,1,424.4,15.9,,diffuse,0.14346413396650837,1.0790599723854184,0.17,0.48
reg_causal_T40_s9,reg_causal,40.0,9,2.4389973053056178,3.276489614804007,False,0.0,7.223720699730587,65250,plateau,200000,0.0001,1,False,5,stalled,60,True,0.03315720646740128,0.00025719807197364746,0.03290000839542763,0.014460326141327817,0.02343863460124238,1,448.5,24.0,,flow-following,0.6220944763809048,418.3573444420999,0.18,0.49
