loss_kind,n,seed,outer,loss
physics,50,0,0,0.0006674252344402023
physics,50,0,1,8.931979878509225e-05
physics,50,0,2,4.371817533692997e-05
physics,50,0,3,2.833381069152751e-05
physics,50,0,4,2.0372750543912797e-05
physics,50,0,5,1.5052476566544134e-05
physics,50,1,0,0.0005389939380944967
physics,50,1,1,7.903632514073583e-05
physics,50,1,2,3.812538832083425e-05
physics,50,1,3,2.321699239678419e-05
physics,50,1,4,1.4128609343680574e-05
physics,50,1,5,9.732395849801683e-06
physics,50,2,0,0.0005079109468770438
physics,50,2,1,6.764124891447493e-05
physics,50,2,2,2.5839121986043914e-05
physics,50,2,3,1.402007225043499e-05
physics,50,2,4,9.353856963198673e-06
physics,50,2,5,7.076233100988337e-06
physics,125,0,0,0.0006948478360823521
physics,125,0,1,0.00012050577083884059
physics,125,0,2,5.203323049475922e-05
physics,125,0,3,3.230423905652041e-05
physics,125,0,4,2.18057758982028e-05
physics,125,0,5,1.6356228381111596e-05
physics,125,1,0,0.0014008245080910922
physics,125,1,1,0.00033189696782723706
physics,125,1,2,0.0001303442753991484
physics,125,1,3,7.12212322959414e-05
physics,125,1,4,5.052874634811584e-05
physics,125,1,5,3.678513769180479e-05
physics,125,2,0,0.0004339858215223722
physics,125,2,1,6.828081332767392e-05
physics,125,2,2,2.7809927959252873e-05
physics,125,2,3,1.4245021846697928e-05
physics,125,2,4,8.776420047468896e-06
physics,125,2,5,5.996057816776007e-06
physics,250,0,0,0.0006950278719269827
physics,250,0,1,0.00012192017626617184
physics,250,0,2,6.130733593270097e-05
physics,250,0,3,3.735724741182291e-05
physics,250,0,4,2.4730299109345137e-05
physics,250,0,5,1.875802237888528e-05
physics,250,1,0,0.0007728829659613704
physics,250,1,1,0.00010879991190784061
physics,250,1,2,4.7944364532065876e-05
physics,250,1,3,2.7820232790766052e-05
physics,250,1,4,1.8441823268778424e-05
physics,250,1,5,1.2334905779751448e-05
physics,250,2,0,0.0003023364549323447
physics,250,2,1,4.867977355531746e-05
physics,250,2,2,2.2356678519145025e-05
physics,250,2,3,1.1863169567598227e-05
physics,250,2,4,6.920128239881072e-06
physics,250,2,5,5.017029258027449e-06
physics,500,0,0,0.0006517809115016136
physics,500,0,1,0.00012264369586107332
physics,500,0,2,5.918701739669016e-05
physics,500,0,3,3.547461617314442e-05
physics,500,0,4,2.551906280446967e-05
physics,500,0,5,1.9388024102779026e-05
physics,500,1,0,0.0009573370831579674
physics,500,1,1,0.00015760529485526461
physics,500,1,2,7.307978956212703e-05
physics,500,1,3,4.3001088127879916e-05
physics,500,1,4,2.761420078544468e-05
physics,500,1,5,2.050777725288715e-05
physics,500,2,0,0.000174274653199673
physics,500,2,1,3.272231162317403e-05
physics,500,2,2,1.2437868526746064e-05
physics,500,2,3,6.718791728330188e-06
physics,500,2,4,4.690216476033344e-06
physics,500,2,5,3.344678906989471e-06
physics,1000,0,0,0.0007787368527663816
physics,1000,0,1,0.00012909470874709116
physics,1000,0,2,6.042122512567177e-05
physics,1000,0,3,3.5061148953807285e-05
physics,1000,0,4,2.3556292036888642e-05
physics,1000,0,5,1.6379708458023614e-05
physics,1000,1,0,0.001117077720698056
physics,1000,1,1,0.0002202148945951492
physics,1000,1,2,9.010800786952449e-05
physics,1000,1,3,5.2555062813185575e-05
physics,1000,1,4,3.50860596755178e-05
physics,1000,1,5,2.5885778323456948e-05
physics,1000,2,0,0.00045124285362900155
physics,1000,2,1,5.6766383141835585e-05
physics,1000,2,2,2.533202970641052e-05
physics,1000,2,3,1.4809108594633352e-05
physics,1000,2,4,9.798110503898653e-06
physics,1000,2,5,7.181578110726936e-06
physics,2000,0,0,0.0006538051648903935
physics,2000,0,1,0.0001258209293867247
physics,2000,0,2,6.32510624462717e-05
physics,2000,0,3,3.69039699645787e-05
physics,2000,0,4,2.6705214424407344e-05
physics,2000,0,5,2.0452247766216306e-05
physics,2000,1,0,0.0010277384162757366
physics,2000,1,1,0.00020659039861620362
physics,2000,1,2,8.271802752814448e-05
physics,2000,1,3,5.251183854103777e-05
physics,2000,1,4,3.6472767915296956e-05
physics,2000,1,5,2.6229876230459073e-05
physics,2000,2,0,0.00036858337914415657
physics,2000,2,1,5.0231112609871834e-05
physics,2000,2,2,2.1665436185642537e-05
physics,2000,2,3,1.29141182240375e-05
physics,2000,2,4,8.878929859132213e-06
physics,2000,2,5,6.565526534012716e-06
data,50,0,0,7.259398279868582e-05
data,50,0,1,1.4740910377230545e-05
data,50,0,2,6.585006007979185e-06
data,50,0,3,3.55509264783044e-06
data,50,0,4,2.3845574432728673e-06
data,50,0,5,1.695048490987228e-06
data,50,1,0,0.0001372261700951753
data,50,1,1,2.532564222511938e-05
data,50,1,2,1.2220561534110719e-05
data,50,1,3,6.088762416457903e-06
data,50,1,4,3.658545221540142e-06
data,50,1,5,2.580612168008146e-06
data,50,2,0,5.7465348598371834e-05
data,50,2,1,9.931566225949181e-06
data,50,2,2,4.055405451832068e-06
data,50,2,3,2.0840895383030913e-06
data,50,2,4,1.2846802433469296e-06
data,50,2,5,8.468167289451297e-07
data,125,0,0,7.832845844923911e-05
data,125,0,1,1.6387184539857947e-05
data,125,0,2,7.4116352359025275e-06
data,125,0,3,4.2781650214713146e-06
data,125,0,4,3.100834756785324e-06
data,125,0,5,2.2849670714198e-06
data,125,1,0,0.00015206172519785085
data,125,1,1,3.0192244654912633e-05
data,125,1,2,1.248671303473162e-05
data,125,1,3,6.531498798105558e-06
data,125,1,4,4.176315787841712e-06
data,125,1,5,3.0211675208542313e-06
data,125,2,0,7.018041452741922e-05
data,125,2,1,1.6130733056589358e-05
data,125,2,2,7.048885714270817e-06
data,125,2,3,3.877976553498861e-06
data,125,2,4,2.5551346291916912e-06
data,125,2,5,1.836553150095484e-06
data,250,0,0,9.236147029442083e-05
data,250,0,1,2.092013828251246e-05
data,250,0,2,1.0361552936844187e-05
data,250,0,3,6.430001480782e-06
data,250,0,4,4.448669738379274e-06
data,250,0,5,3.360093807787138e-06
data,250,1,0,0.00013743661255546645
data,250,1,1,2.8254251041044842e-05
data,250,1,2,1.2697941326423646e-05
data,250,1,3,7.460247517368074e-06
data,250,1,4,5.271205819649101e-06
data,250,1,5,3.905784692970582e-06
data,250,2,0,7.021156553354151e-05
data,250,2,1,1.4286701716267738e-05
data,250,2,2,5.911883593705696e-06
data,250,2,3,3.535015305393398e-06
data,250,2,4,2.5585739397295223e-06
data,250,2,5,1.8584969300099183e-06
data,500,0,0,9.476716444936218e-05
data,500,0,1,2.054775842962921e-05
data,500,0,2,9.661532348695964e-06
data,500,0,3,5.5817079566937995e-06
data,500,0,4,3.818610509774055e-06
data,500,0,5,2.8344323081341804e-06
data,500,1,0,0.00015466536789823787
data,500,1,1,3.463749784926989e-05
data,500,1,2,1.445485758004445e-05
data,500,1,3,8.356679093978168e-06
data,500,1,4,5.485846172356575e-06
data,500,1,5,4.029932241522885e-06
data,500,2,0,8.456761811929748e-05
data,500,2,1,1.8182693897229907e-05
data,500,2,2,7.918032086662367e-06
data,500,2,3,4.491141357926976e-06
data,500,2,4,2.9734580017141292e-06
data,500,2,5,2.2312439973414976e-06
data,1000,0,0,9.70544387180711e-05
data,1000,0,1,2.0564068357056647e-05
data,1000,0,2,9.09768672688216e-06
data,1000,0,3,5.137337288883201e-06
data,1000,0,4,3.2367852344839185e-06
data,1000,0,5,2.4280592575712746e-06
data,1000,1,0,0.0001305167438812585
data,1000,1,1,2.7951005647645665e-05
data,1000,1,2,1.3646768889120643e-05
data,1000,1,3,7.84285510758369e-06
data,1000,1,4,5.159343128907824e-06
data,1000,1,5,3.441961695468921e-06
data,1000,2,0,8.119624458003084e-05
data,1000,2,1,1.4249233066641135e-05
data,1000,2,2,5.968185481324722e-06
data,1000,2,3,3.4564680960018005e-06
data,1000,2,4,2.387569429494351e-06
data,1000,2,5,1.6968525764336056e-06
data,2000,0,0,0.00010611547145176178
data,2000,0,1,2.48389104385878e-05
data,2000,0,2,1.2012909226817652e-05
data,2000,0,3,7.245629255602595e-06
data,2000,0,4,5.027355559196259e-06
data,2000,0,5,3.652277820249616e-06
data,2000,1,0,0.00015955728675395677
data,2000,1,1,2.9895044776727493e-05
data,2000,1,2,1.293903470803989e-05
data,2000,1,3,7.634557913314006e-06
data,2000,1,4,4.857393718357059e-06
data,2000,1,5,3.541993075347766e-06
data,2000,2,0,8.538367429546886e-05
data,2000,2,1,1.55161921901591e-05
data,2000,2,2,6.483970694533514e-06
data,2000,2,3,3.7007392758791912e-06
data,2000,2,4,2.3817861710132376e-06
data,2000,2,5,1.7454740452079523e-06
